time,title,company,county,distinct,exeperience,education,wage,url
2023/4/23,Dior-Retail Executive / Supervisor 零售專員 / 主任 (需數據分析及專案管理能力),法國LVMH集團香水化品事業部_香港商法華香水化品有限公司台灣分公司,台北市,大安區,2年以上,大學,45000,https://www.104.com.tw/job/7ur41?jobsource=hotjob_chr
2023/4/23,資料分析師,博弘雲端科技股份有限公司,台北市,中山區,經歷不拘,大學,45000,https://www.104.com.tw/job/7xris?jobsource=jolist_a_relevance
2023/4/23,資料分析專員,上海商業儲蓄銀行股份有限公司,台北市,中山區,2年以上,大學,40650,https://www.104.com.tw/job/7h9sc?jobsource=jolist_a_relevance
2023/4/23,資料分析師 (Data Analyst),亞洲指標數位行銷顧問股份有限公司,台北市,松山區,2年以上,碩士,45000,https://www.104.com.tw/job/6k2x6?jobsource=jolist_a_relevance
2023/4/23,資料分析師,智庫驅動股份有限公司,台北市,信義區,經歷不拘,專科,52500,https://www.104.com.tw/job/7ez67?jobsource=jolist_a_relevance
2023/4/23,數據/資料分析師,雙子數位科技有限公司,台北市,內湖區,3年以上,專科,45000,https://www.104.com.tw/job/6zn74?jobsource=jolist_a_relevance
2023/4/23,資料分析人員,台北富邦商業銀行股份有限公司,台北市,中山區,2年以上,大學,45000,https://www.104.com.tw/job/7qqef?jobsource=jolist_a_relevance
2023/4/23,資料分析師(農漁業),悠由數據應用股份有限公司,台北市,內湖區,經歷不拘,專科,45000,https://www.104.com.tw/job/7jl9x?jobsource=jolist_a_relevance
2023/4/23,資料分析師,新穎資訊有限公司,台中市,北區,1年以上,大學,49000,https://www.104.com.tw/job/7g15x?jobsource=jolist_a_relevance
2023/4/23,ETL 資料分析程式設計師,碩誠國際股份有限公司,台北市,松山區,2年以上,專科,45000,https://www.104.com.tw/job/6f1b4?jobsource=jolist_a_relevance
2023/4/23,資料分析師兼專案管理師-BI,富蘭克林證券投資顧問股份有限公司,台北市,大安區,3年以上,碩士,45000,https://www.104.com.tw/job/7lgpf?jobsource=jolist_a_relevance
2023/4/23,資料分析師,友信行股份有限公司,台北市,大安區,經歷不拘,大學,30000,https://www.104.com.tw/job/7x3iu?jobsource=jolist_a_relevance
2023/4/23,資料分析管理師(data engineer),集雅社影音家電_集雅社股份有限公司,高雄市,苓雅區,經歷不拘,大學,39000,https://www.104.com.tw/job/7wkdo?jobsource=jolist_a_relevance
2023/4/23,[Part Time] 研究助理/資料分析師,IQVIA _艾昆緯藥品資訊股份有限公司,台北市,松山區,經歷不拘,大學,33785,https://www.104.com.tw/job/7rebn?jobsource=jolist_a_relevance
2023/4/23,約聘資料分析師(T67駐點食藥署),關貿網路股份有限公司,台北市,南港區,經歷不拘,碩士,45000,https://www.104.com.tw/job/6f8rs?jobsource=jolist_a_relevance
2023/4/23,資料分析師-BI,富蘭克林證券投資顧問股份有限公司,台北市,大安區,3年以上,大學,60000,https://www.104.com.tw/job/7hw3p?jobsource=jolist_a_relevance
2023/4/23,[台灣大哥大集團]資料分析專員,台灣客服科技股份有限公司,新北市,三重區,1年以上,大學,36000,https://www.104.com.tw/job/7xhj8?jobsource=jolist_a_relevance
2023/4/23,資料分析師,豐卉有限公司,台北市,信義區,1年以上,大學,38000,https://www.104.com.tw/job/7nrvh?jobsource=jolist_a_relevance
2023/4/23,調查研究專題中心-資料分析師,中央研究院_人文社會科學研究中心,台北市,南港區,經歷不拘,碩士,70310,https://www.104.com.tw/job/7xqoj?jobsource=jolist_a_relevance
2023/4/23,資料分析師,星凱國際股份有限公司,高雄市,大寮區,經歷不拘,專科,36500,https://www.104.com.tw/job/7jtoc?jobsource=jolist_a_relevance
2023/4/23,資料分析員,北視有線電視股份有限公司,新竹縣,竹東鎮,1年以上,高中,31000,https://www.104.com.tw/job/7wl8h?jobsource=jolist_a_relevance
2023/4/23,約聘資料分析師(駐點食藥署),關貿網路股份有限公司,台北市,南港區,經歷不拘,碩士,45000,https://www.104.com.tw/job/76wdy?jobsource=jolist_a_relevance
2023/4/23,資料分析師,Phison Electronics Corp_群聯電子股份有限公司,苗栗縣,竹南鎮,2年以上,大學,45000,https://www.104.com.tw/job/7kuit?jobsource=jolist_a_relevance
2023/4/23,數據資料分析,雲酒指數科技股份有限公司,台北市,信義區,經歷不拘,大學,50000,https://www.104.com.tw/job/7yl5l?jobsource=jolist_a_relevance
2023/4/23,資料分析師(T53),關貿網路股份有限公司,台北市,南港區,2年以上,大學,45000,https://www.104.com.tw/job/5cdpt?jobsource=jolist_a_relevance
2023/4/23,資料分析管理師,聚恆科技股份有限公司,台南市,永康區,經歷不拘,專科,32500,https://www.104.com.tw/job/7jhpd?jobsource=jolist_a_relevance
2023/4/23,【總公司】資訊部-資料分析專員,OK超商_來來超商股份有限公司,台北市,信義區,經歷不拘,大學,34000,https://www.104.com.tw/job/4jtjx?jobsource=jolist_a_relevance
2023/4/23,資料分析/內容推薦工程師,春水堂科技娛樂股份有限公司,台北市,內湖區,3年以上,大學,45000,https://www.104.com.tw/job/7in95?jobsource=jolist_a_relevance
2023/4/23,資料分析管理師(data engineer),LUCKY M 網路趨勢團隊_統一國際策略有限公司,台北市,大安區,2年以上,大學,38000,https://www.104.com.tw/job/7z018?jobsource=jolist_a_relevance
2023/4/23,資料分析高級工程師,台郡科技股份有限公司(總公司),高雄市,大寮區,經歷不拘,大學,45000,https://www.104.com.tw/job/7pauq?jobsource=jolist_a_relevance
2023/4/23,資料分析專員,台灣奇士美化品股份有限公司,台北市,中山區,1年以上,大學,42500,https://www.104.com.tw/job/7ttpb?jobsource=jolist_a_relevance
2023/4/23,資料分析師,大樹科技顧問有限公司,台北市,信義區,3年以上,大學,45000,https://www.104.com.tw/job/7vxf7?jobsource=jolist_a_relevance
2023/4/23,資料分析師,烏龜移動科技股份有限公司,台北市,松山區,經歷不拘,大學,45000,https://www.104.com.tw/job/63jf9?jobsource=jolist_a_relevance
2023/4/23,資料分析師 (Data Analyst),智域國際股份有限公司,台北市,信義區,經歷不拘,碩士,45000,https://www.104.com.tw/job/6fpnp?jobsource=jolist_a_relevance
2023/4/23,巨量資料分析平台工程師,中華資安國際股份有限公司,台北市,中正區,經歷不拘,大學,62500,https://www.104.com.tw/job/72ks3?jobsource=jolist_a_relevance
2023/4/23,工研院綠能所_資料分析工程師(H100),工研院 _財團法人工業技術研究院,台南市,歸仁區,經歷不拘,碩士,50000,https://www.104.com.tw/job/7mnmc?jobsource=jolist_a_relevance
2023/4/23,TA3826 資料分析工程師,致伸科技股份有限公司,台北市,內湖區,5年以上,大學,45000,https://www.104.com.tw/job/7b5yn?jobsource=jolist_a_relevance
2023/4/23,【台中】資料分析管理師,今網智慧科技股份有限公司,台中市,北區,經歷不拘,大學,40000,https://www.104.com.tw/job/7efcf?jobsource=jolist_a_relevance
2023/4/23,【總行單位】資料分析師(新人),玉山銀行_玉山商業銀行股份有限公司,台北市,松山區,經歷不拘,大學,45000,https://www.104.com.tw/job/6tfde?jobsource=jolist_a_relevance
2023/4/23,【AI Team】資料分析師 Data Analyst,愛卡拉互動媒體股份有限公司,台北市,信義區,1年以上,大學,45000,https://www.104.com.tw/job/7dqrj?jobsource=jolist_a_relevance
2023/4/23,統計及資料分析員(教職人力資料庫計畫),國立臺灣師範大學_教育政策與行政研究所,台北市,大安區,經歷不拘,碩士,40500,https://www.104.com.tw/job/71jcx?jobsource=jolist_a_relevance
2023/4/23,資料分析專員,資通電腦股份有限公司,台北市,中山區,經歷不拘,大學,46500,https://www.104.com.tw/job/7ayzx?jobsource=jolist_a_relevance
2023/4/23,資料分析師-數據治理【全家便利商店關係企業】,精藤股份有限公司,台北市,中山區,3年以上,專科,45000,https://www.104.com.tw/job/7f5gu?jobsource=jolist_a_relevance
2023/4/23,資料分析工程師,上頂醫學影像科技股份有限公司,台北市,中山區,經歷不拘,碩士,45000,https://www.104.com.tw/job/68kiw?jobsource=jolist_a_relevance
2023/4/23,REQ_23033598 AW0612 資料分析師 - 資料治理,啟科技股份有限公司,新竹市,,經歷不拘,碩士,45000,https://www.104.com.tw/job/7y80b?jobsource=jolist_a_relevance
2023/4/23,資料分析師 Data Analyst (台北/Taipei),凱鈿行動科技股份有限公司,台北市,中山區,1年以上,大學,45000,https://www.104.com.tw/job/7shsx?jobsource=jolist_a_relevance
2023/4/23,資料分析與AI演算法工程師_台達智能電網事業部(台北),台達電子工業股份有限公司 _DELTA ELECTRONICS INC.,台北市,內湖區,3年以上,大學,45000,https://www.104.com.tw/job/7wr3l?jobsource=jolist_a_relevance
2023/4/23,資料分析工程師,達暉資訊有限公司,台北市,大安區,2年以上,專科,55000,https://www.104.com.tw/job/7rfgz?jobsource=jolist_a_relevance
2023/4/23,資料分析應用工程師(PS150),資拓宏宇國際股份有限公司,台北市,松山區,2年以上,大學,45000,https://www.104.com.tw/job/47adn?jobsource=jolist_a_relevance
2023/4/23,【產品團隊】資料分析工程師 Data Engineer_台北,昕力資訊股份有限公司,台北市,內湖區,2年以上,專科,45000,https://www.104.com.tw/job/76ovg?jobsource=jolist_a_relevance
2023/4/23,資訊室 POWER BI/資料分析人員,臺北市立萬芳醫院委託財團法人臺北醫學大學辦理,台北市,文山區,經歷不拘,專科,43000,https://www.104.com.tw/job/7ttnh?jobsource=jolist_a_relevance
2023/4/23,數位運營資料分析助理-總管理處,"塔木德酒店集團 Talmud Hotel Group Co.,Ltd_塔木德商務飯店股份有限公司",台中市,北區,1年以上,大學,30500,https://www.104.com.tw/job/7xdql?jobsource=jolist_a_relevance
2023/4/23,資料分析師 Data Analyst,塞席爾商悠福科技股份有限公司,台北市,中山區,經歷不拘,大學,45000,https://www.104.com.tw/job/7irvr?jobsource=jolist_a_relevance
2023/4/23,資料分析與AI演算法工程師_台達智能電網事業部(中壢),台達電子工業股份有限公司 _DELTA ELECTRONICS INC.,桃園市,中壢區,3年以上,大學,45000,https://www.104.com.tw/job/7wrjc?jobsource=jolist_a_relevance
2023/4/23,資料分析工程師(BI),美好購物ViVa TV_ 美好家庭購物股份有限公司,台北市,南港區,3年以上,大學,45000,https://www.104.com.tw/job/7vkgg?jobsource=jolist_a_relevance
2023/4/23,Samsung【三星手機】電商平台 資料分析專員/資深專員,鵬泰顧問有限公司,台北市,內湖區,2年以上,大學,40000,https://www.104.com.tw/job/7k2bn?jobsource=jolist_a_relevance
2023/4/23,GIS空間規劃及資料分析人員 (工作地點:行政院農業委員會),一瑒空間資訊有限公司,台北市,中正區,經歷不拘,大學,37500,https://www.104.com.tw/job/7xccp?jobsource=jolist_a_relevance
2023/4/23,資料分析工程師,承研能源科技股份有限公司,台北市,內湖區,1年以上,專科,42500,https://www.104.com.tw/job/7rh8x?jobsource=jolist_a_relevance
2023/4/23,I107 資料分析/數據工程師(可遠端工作),台灣大哥大股份有限公司,台北市,大安區,經歷不拘,學歷不拘,47000,https://www.104.com.tw/job/7osnc?jobsource=jolist_a_relevance
2023/4/23,資料分析經理 【資料分析應用處/高雄】,邁達特數位股份有限公司,高雄市,左營區,5年以上,專科,45000,https://www.104.com.tw/job/7oylo?jobsource=jolist_a_relevance
2023/4/23,資料分析專員.,永慶房產集團_永慶房屋仲介股份有限公司,台北市,大安區,經歷不拘,大學,37500,https://www.104.com.tw/job/7pxat?jobsource=jolist_a_relevance
2023/4/23,通路資料分析暨行銷企劃人員,中華電信關係企業_宏華國際股份有限公司,新北市,板橋區,1年以上,大學,45000,https://www.104.com.tw/job/7ww8c?jobsource=jolist_a_relevance
2023/4/23,專案經理_ETL 資料分析主管_102H,金財通商務科技服務股份有限公司,台北市,松山區,8年以上,大學,45000,https://www.104.com.tw/job/7bdal?jobsource=jolist_a_relevance
2023/4/23,國衛院「巨量資料分析」研究助理,財團法人國家衛生研究院,苗栗縣,竹南鎮,經歷不拘,大學,34000,https://www.104.com.tw/job/76m3g?jobsource=jolist_a_relevance
2023/4/23,資料分析師(Data Analyst),衛利生物科技股份有限公司,新北市,新店區,3年以上,大學,45000,https://www.104.com.tw/job/7ibxq?jobsource=jolist_a_relevance
2023/4/23,【TNLR】Data Analyst 資料分析師,關鍵評論網股份有限公司,台北市,信義區,1年以上,大學,45000,https://www.104.com.tw/job/7kfia?jobsource=jolist_a_relevance
2023/4/23,AI工程師(資料分析),南亞電路板股份有限公司(南電),桃園市,蘆竹區,2年以上,大學,49500,https://www.104.com.tw/job/6olvl?jobsource=jolist_a_relevance
2023/4/23,三商家購-美廉社 總公司【內勤行政-資料分析專員】,美廉社_三商家購股份有限公司,台北市,中山區,1年以上,專科,30500,https://www.104.com.tw/job/6x9iz?jobsource=jolist_a_relevance
2023/4/23,門市營建發展部-資料分析專員/資深專員,台灣屈臣氏個人用品商店股份有限公司,台北市,松山區,2年以上,大學,45000,https://www.104.com.tw/job/4thhk?jobsource=jolist_a_relevance
2023/4/23,資料分析師,微星科技股份有限公司,新北市,中和區,2年以上,大學,52500,https://www.104.com.tw/job/6rok5?jobsource=jolist_a_relevance
2023/4/23,"產品專案助理(男女不拘, 具資料分析, 執行, 電腦及外語能力)",帕奇巨科技股份有限公司,新竹縣,竹北市,經歷不拘,大學,41071,https://www.104.com.tw/job/6mp9a?jobsource=jolist_a_relevance
2023/4/23,資深數據分析師 【資料分析應用處】,邁達特數位股份有限公司,台北市,內湖區,5年以上,專科,45000,https://www.104.com.tw/job/7oymm?jobsource=jolist_a_relevance
2023/4/23,研發替代役_工研院綠能所_軟體工程師/數據資料分析師(C200),工研院 _財團法人工業技術研究院,台南市,歸仁區,經歷不拘,碩士,50000,https://www.104.com.tw/job/7rq2n?jobsource=jolist_a_relevance
2023/4/23,[台北] BI / ETL/資料分析工程師,金上晉科技股份有限公司,台北市,信義區,3年以上,大學,45000,https://www.104.com.tw/job/7gnzs?jobsource=jolist_a_relevance
2023/4/23,數據資料分析工程師,緯育股份有限公司,新北市,汐止區,2年以上,大學,45000,https://www.104.com.tw/job/75a2b?jobsource=jolist_a_relevance
2023/4/23,Data Analyst / 資料分析師,瑞嘉軟體科技股份有限公司,台北市,內湖區,1年以上,大學,106668,https://www.104.com.tw/job/6toi3?jobsource=jolist_a_relevance
2023/4/23,Sr. DBA (資料庫管理師/資料分析師)- 外商筆電大廠 853,"經緯智庫股份有限公司 (MGR Consulting Co., Ltd.)",台北市,南港區,5年以上,專科,135000,https://www.104.com.tw/job/7x6l5?jobsource=jolist_a_relevance
2023/4/23,軟體工程師_ETL 資料分析程式設計師_102H,金財通商務科技服務股份有限公司,台北市,松山區,經歷不拘,大學,45000,https://www.104.com.tw/job/7mj20?jobsource=jolist_a_relevance
2023/4/23,資料分析研究員【TGH008 大江基因_基因研發中心】,大江基因醫學股份有限公司,台北市,內湖區,2年以上,碩士,45000,https://www.104.com.tw/job/7tlna?jobsource=jolist_a_relevance
2023/4/23,研究專員-農政中心(農糧企業訪談/農糧資料分析),財團法人農業科技研究院,台北市,大安區,經歷不拘,碩士,44000,https://www.104.com.tw/job/7n8b7?jobsource=jolist_a_relevance
2023/4/23,ESG專案資料分析_副研究員,台灣經濟新報文化事業股份有限公司,台北市,信義區,1年以上,大學,45000,https://www.104.com.tw/job/7ky4o?jobsource=jolist_a_relevance
2023/4/23,《數位轉型》資深資料分析師(Data Analyst),裕隆集團_格上汽車租賃股份有限公司,新北市,新店區,3年以上,大學,65000,https://www.104.com.tw/job/7nogi?jobsource=jolist_a_relevance
2023/4/23,資深資料分析師 (Senior Data Analyst),華翰物產實業股份有限公司,台北市,中山區,3年以上,大學,55000,https://www.104.com.tw/job/7sg5r?jobsource=jolist_a_relevance
2023/4/23,資安工程師 (SOC L3大數據資料分析師),數聯資安股份有限公司,台北市,內湖區,2年以上,專科,45000,https://www.104.com.tw/job/7mlzl?jobsource=jolist_a_relevance
2023/4/23,【數據發展中心】數據資料分析師,遠見天下文化出版股份有限公司,台北市,中山區,1年以上,專科,45000,https://www.104.com.tw/job/7nin1?jobsource=jolist_a_relevance
2023/4/23,2023_A+種子暑期實習_大數據與資料分析(龍潭),友達光電股份有限公司,桃園市,龍潭區,經歷不拘,大學,41500,https://www.104.com.tw/job/7x1v4?jobsource=jolist_a_relevance
2023/4/23,集團 生產規劃與資料分析工程師,捷安特 YouBike_巨大機械工業股份有限公司,台中市,西屯區,2年以上,大學,45000,https://www.104.com.tw/job/7yl7s?jobsource=jolist_a_relevance
2023/4/23,國網中心/科技部「建置國家級之友善生醫資料分析與分享平台」/專案管理計畫人員/1人(109_41_7),財團法人國家實驗研究院,新竹市,,經歷不拘,大學,46400,https://www.104.com.tw/job/74wdj?jobsource=jolist_a_relevance
2023/4/23,工研院資通所_金融數據資料分析工程師(T4),工研院 _財團法人工業技術研究院,新竹縣,竹東鎮,經歷不拘,碩士,45000,https://www.104.com.tw/job/7v7am?jobsource=jolist_a_relevance
2023/4/23,資料分析師( Digital Marketing Data Analyst）,和泰聯網股份有限公司,台北市,中山區,2年以上,大學,45000,https://www.104.com.tw/job/72ycg?jobsource=jolist_a_relevance
2023/4/23,資料分析師 Data Analyst (台南/Tainan/台北/Taipei),凱鈿行動科技股份有限公司,台南市,永康區,經歷不拘,大學,45000,https://www.104.com.tw/job/6y9f6?jobsource=jolist_a_relevance
2023/4/23,4B新光銀行_數位資料分析師,新光金融控股股份有限公司(新光金控/新光人壽/新光銀行/新光投信),台北市,松山區,3年以上,大學,45000,https://www.104.com.tw/job/7t88j?jobsource=jolist_a_relevance
2023/4/23,資料分析師【明基BenQ雲端創新中心】,明基電通股份有限公司,台北市,內湖區,經歷不拘,碩士,45000,https://www.104.com.tw/job/6mfgt?jobsource=jolist_a_relevance
2023/4/23,【誠品線上】資料分析師,誠品生活股份有限公司,台北市,信義區,經歷不拘,大學,45000,https://www.104.com.tw/job/7u0so?jobsource=jolist_a_relevance
2023/4/23,國衛院「生醫大數據資料分析」研究助理,財團法人國家衛生研究院,苗栗縣,竹南鎮,經歷不拘,大學,34000,https://www.104.com.tw/job/6zkvc?jobsource=jolist_a_relevance
2023/4/23,資料分析人員(利澤廠),台灣半導體股份有限公司,宜蘭縣,五結鄉,3年以上,大學,31500,https://www.104.com.tw/job/7wc1g?jobsource=jolist_a_relevance
2023/4/23,【Start up! 2023實習-在台達開創你的達時代！】資料分析/深度學習 實習生(中壢),台達電子工業股份有限公司 _DELTA ELECTRONICS INC.,桃園市,中壢區,經歷不拘,大學,28000,https://www.104.com.tw/job/7y92u?jobsource=jolist_a_relevance
2023/4/23,"研究及資料整理 實習生(男女不拘, 具資料分析, 電腦及外語能力尤佳, 學校實習可)",帕奇巨科技股份有限公司,新竹縣,竹北市,經歷不拘,大學,45000,https://www.104.com.tw/job/7pc7y?jobsource=jolist_a_relevance
2023/4/23,【採線上面談】Data Analyst 資料分析師,新加坡商鈦坦科技股份有限公司台灣分公司,台北市,南港區,經歷不拘,學歷不拘,70000,https://www.104.com.tw/job/7h9ml?jobsource=jolist_a_relevance
2023/4/23,資深數據分析師 【資料分析應用處/高雄】,邁達特數位股份有限公司,高雄市,左營區,5年以上,專科,45000,https://www.104.com.tw/job/7oyme?jobsource=jolist_a_relevance
2023/4/23,大數據資料分析師暨專案管理[112-8_CHM-06],中華電信股份有限公司,台北市,中正區,經歷不拘,大學,45000,https://www.104.com.tw/job/7yutl?jobsource=jolist_a_relevance
2023/4/23,資料分析師,北方國際有限公司,新北市,八里區,2年以上,大學,37500,https://www.104.com.tw/job/773rq?jobsource=jolist_a_relevance
2023/4/23,Data Analyst 資料分析師- O81,德商foodpanda台灣總部_富胖達股份有限公司,台北市,內湖區,2年以上,大學,45000,https://www.104.com.tw/job/7gufw?jobsource=jolist_a_relevance
2023/4/23,(T)Data Analyst 資料分析師 / Business Intelligence,新加坡商蝦皮娛樂電商有限公司台灣分公司,台北市,信義區,1年以上,大學,45000,https://www.104.com.tw/job/7y0mb?jobsource=jolist_a_relevance
2023/4/23,(S)Data Analyst 資料分析師 / Business Intelligence,新加坡商蝦皮娛樂電商有限公司台灣分公司,台北市,信義區,1年以上,大學,45000,https://www.104.com.tw/job/7y0nk?jobsource=jolist_a_relevance
2023/4/23,商業數據分析師(BUSINESS ANALYST),艾思網絡股份有限公司,台北市,中正區,2年以上,碩士,45000,https://www.104.com.tw/job/6i8ue?jobsource=jolist_a_relevance
2023/4/23,巨量資料分析工程師（自動化/安南區）,光洋應用材料科技股份有限公司,台南市,安南區,3年以上,大學,45000,https://www.104.com.tw/job/76it9?jobsource=jolist_a_relevance
2023/4/23,(O)Data Analyst 資料分析師 / Business Intelligence,新加坡商蝦皮娛樂電商有限公司台灣分公司,台北市,中正區,1年以上,大學,45000,https://www.104.com.tw/job/7y0mk?jobsource=jolist_a_relevance
2023/4/23,*【Hot Job｜全球知名外商投信集團】Business Intelligence Analyst 商業數據分析師 / 薪資依經驗可議 / 歡迎具金融數據資料分析經驗者｜TTS,藝珂人事顧問股份有限公司,台北市,中山區,1年以上,大學,45000,https://www.104.com.tw/job/5x4ud?jobsource=jolist_a_relevance
2023/4/23,採購暨資料分析主管(台北總公司),富食品股份有限公司,台北市,南港區,8年以上,大學,45000,https://www.104.com.tw/job/7jc5j?jobsource=jolist_a_relevance
2023/4/23,【Start up! 2023實習-在台達開創你的達時代！】資料分析實習生_人力資源處(台北),台達電子工業股份有限公司 _DELTA ELECTRONICS INC.,台北市,內湖區,經歷不拘,大學,32000,https://www.104.com.tw/job/7y82i?jobsource=jolist_a_relevance
2023/4/23,2023_A+種子暑期實習_大數據與資料分析(新竹),友達光電股份有限公司,新竹市,,經歷不拘,大學,41500,https://www.104.com.tw/job/7x21i?jobsource=jolist_a_relevance
2023/4/23,I171 資料分析技術主管(可遠端工作),台灣大哥大股份有限公司,台北市,大安區,10年以上,學歷不拘,45000,https://www.104.com.tw/job/7qalr?jobsource=jolist_a_relevance
2023/4/23,企劃室經濟分析單元【數據分析暨可視化儀表板開發師】助理/副研究員,財團法人食品工業發展研究所_食品所,新竹市,,經歷不拘,大學,40900,https://www.104.com.tw/job/7jr2y?jobsource=jolist_a_relevance
2023/4/23,[R]資料分析工程師(華亞廠),穩懋半導體股份有限公司,桃園市,龜山區,經歷不拘,碩士,45000,https://www.104.com.tw/job/5u8no?jobsource=jolist_a_relevance
2023/4/23,JL - [知名美商科技業] - 資料分析Sales Operation Specialist (Data Analysis) - 英文中上/環境同事好/穩定大公司,新加坡商立可人事顧問有限公司台灣分公司,台北市,中山區,5年以上,大學,45000,https://www.104.com.tw/job/6xzdt?jobsource=jolist_a_relevance
2023/4/23,(資深)機器學習工程師 (Senior) ML Engineer,果實夥伴股份有限公司,台北市,內湖區,1年以上,大學,45000,https://www.104.com.tw/job/7ekyy?jobsource=jolist_a_relevance
2023/4/23,2023_A+種子暑期實習_大數據與資料分析(台中),友達光電股份有限公司,台中市,西屯區,經歷不拘,大學,41500,https://www.104.com.tw/job/7x1k9?jobsource=jolist_a_relevance
2023/4/23,【管理與數位科技顧問服務】 零售業/模型資料分析顧問,勤業眾信聯合會計師事務所,台北市,信義區,1年以上,大學,45000,https://www.104.com.tw/job/42d1q?jobsource=jolist_a_relevance
2023/4/23,【QuickseeK】數據分析專案管理專員,影響力數據顧問股份有限公司,台北市,松山區,經歷不拘,大學,41000,https://www.104.com.tw/job/7gjqy?jobsource=jolist_a_relevance
2023/4/23,國網中心/高速計算應用組/「健康大數據永續平台」_建置國家級之友善生醫資料分析與分享平台計畫/前端網頁設計專案計畫人員/1人(111_01_2),財團法人國家實驗研究院,新竹市,,1年以上,大學,46000,https://www.104.com.tw/job/7inra?jobsource=jolist_a_relevance
2023/4/23,AI演算法工程師 / AI Algorithm Engineer,大數據股份有限公司,台北市,中山區,經歷不拘,大學,45000,https://www.104.com.tw/job/54ffa?jobsource=jolist_a_relevance
2023/4/23,國網中心/資料科學與科技組/專案計畫人員/1人(112_03),財團法人國家實驗研究院,新竹市,,經歷不拘,大學,46400,https://www.104.com.tw/job/7x031?jobsource=jolist_a_relevance
2023/4/23,營運數據分析工程師【備宿舍】,岱妮蠶絲股份有限公司,新北市,三重區,2年以上,學歷不拘,47500,https://www.104.com.tw/job/7etz4?jobsource=jolist_a_relevance
2023/4/23,SPC 統計製程管制工程師,晶成半導體股份有限公司,新竹市,,1年以上,大學,45000,https://www.104.com.tw/job/7xvom?jobsource=jolist_a_relevance
2023/4/23,總公司 價格分析師 Pricing Database Management & Analyst_台北,法商家樂福總公司_家福股份有限公司,台北市,北投區,3年以上,大學,45000,https://www.104.com.tw/job/7q742?jobsource=jolist_a_relevance
2023/4/23,數據分析管理師,宏正自動科技股份有限公司,新北市,汐止區,3年以上,大學,45000,https://www.104.com.tw/job/7xmpz?jobsource=jolist_a_relevance
2023/4/23,數據分析專員,永立數位有限公司,台北市,內湖區,經歷不拘,大學,45000,https://www.104.com.tw/job/7xr0n?jobsource=jolist_a_relevance
2023/4/23,物流統計分析專員,瑞師科技股份有限公司,台北市,大安區,經歷不拘,大學,45000,https://www.104.com.tw/job/7sxbl?jobsource=jolist_a_relevance
2023/4/23,Contracted (Sr.) Data Analyst,台灣諾和諾德藥品股份有限公司,台北市,大安區,經歷不拘,專科,45000,https://www.104.com.tw/job/7ul04?jobsource=jolist_a_relevance
2023/4/23,資料工程師 (BI分析),雄獅資訊科技股份有限公司,台北市,內湖區,經歷不拘,大學,47500,https://www.104.com.tw/job/3o2f1?jobsource=jolist_a_relevance
2023/4/23,政策數據分析師,影響力數據顧問股份有限公司,台北市,松山區,1年以上,大學,39000,https://www.104.com.tw/job/7kguk?jobsource=jolist_a_relevance
2023/4/23,校務研究辦公室 資料分析專員,國立臺灣師範大學_資訊工程學系,台北市,大安區,經歷不拘,碩士,45000,https://www.104.com.tw/job/71scz?jobsource=jolist_a_relevance
2023/4/23,高級商業數據分析師(數位事業部/數據暨會員經營組),TVBS_聯利媒體股份有限公司,台北市,內湖區,8年以上,大學,45000,https://www.104.com.tw/job/7tnvl?jobsource=jolist_a_relevance
2023/4/23,產品企劃及市場分析專員,嘉誠化學股份有限公司,台南市,新市區,3年以上,大學,31500,https://www.104.com.tw/job/73z7k?jobsource=jolist_a_relevance
2023/4/23,資料科學家,新呈工業股份有限公司,新北市,汐止區,經歷不拘,大學,45000,https://www.104.com.tw/job/7viot?jobsource=jolist_a_relevance
2023/4/23,數據企劃專員(經營分析/數據決策專案),全家便利商店股份有限公司,台北市,中山區,3年以上,碩士,44500,https://www.104.com.tw/job/7yk67?jobsource=jolist_a_relevance
2023/4/23,AI Data Scientist _ DSM AOT (AIP) (Taipei / Taichung),台達電子工業股份有限公司 _DELTA ELECTRONICS INC.,台北市,內湖區,3年以上,碩士,45000,https://www.104.com.tw/job/7w2nr?jobsource=jolist_a_relevance
2023/4/23,JAVA/SQL 程式設計師,台灣經濟新報文化事業股份有限公司,台北市,信義區,1年以上,大學,45000,https://www.104.com.tw/job/7twkv?jobsource=jolist_a_relevance
2023/4/23,[PM] 產品經理（數據分析）Junior Product Manager / 線上面談,凱文科技服務有限公司,台北市,內湖區,1年以上,大學,65000,https://www.104.com.tw/job/7wdta?jobsource=jolist_a_relevance
2023/4/23,YFG-數據策略規劃師(新店),裕融企業股份有限公司,新北市,新店區,5年以上,大學,52500,https://www.104.com.tw/job/7u176?jobsource=jolist_a_relevance
2023/4/23,【風險諮詢】金融(數位)風險管理諮詢/數據分析顧問,勤業眾信聯合會計師事務所,台北市,信義區,經歷不拘,大學,45000,https://www.104.com.tw/job/55gzb?jobsource=jolist_a_relevance
2023/4/23,數據分析人員 | 日系知名國際金融業 | 台北 508004,台灣邁那比股份有限公司,台北市,中山區,經歷不拘,專科,40000,https://www.104.com.tw/job/7e22n?jobsource=jolist_a_relevance
2023/4/23,資料分析 專案諮詢顧問,香港商凱渤維思有限公司台灣分公司,台北市,中正區,2年以上,大學,45000,https://www.104.com.tw/job/7gwkz?jobsource=jolist_a_relevance
2023/4/23,市場分析與通路績效管理師/資深管理師,中嘉數位股份有限公司,台北市,內湖區,3年以上,大學,42500,https://www.104.com.tw/job/7fahc?jobsource=jolist_a_relevance
2023/4/23,數據分析師,創造智能科技股份有限公司,台北市,內湖區,3年以上,大學,45000,https://www.104.com.tw/job/7t7rv?jobsource=jolist_a_relevance
2023/4/23,數據專案經理 Project Manager (Data),以沛有限公司,台北市,松山區,1年以上,大學,52500,https://www.104.com.tw/job/7u0w6?jobsource=jolist_a_relevance
2023/4/23,(數位科技處) 資料庫架構師 / 專案經理 Database Engineer / Project Manager,三顧股份有限公司,新北市,汐止區,經歷不拘,大學,45000,https://www.104.com.tw/job/7vg5e?jobsource=jolist_a_relevance
2023/4/23,產業與市場分析師,台日併購中心_台日併購投資股份有限公司,台北市,信義區,3年以上,大學,45000,https://www.104.com.tw/job/7vnon?jobsource=jolist_a_relevance
2023/4/23,Python工程師 (初級),雪谷南榕法律事務所,台中市,北屯區,經歷不拘,大學,37500,https://www.104.com.tw/job/7xy1l?jobsource=jolist_a_relevance
2023/4/23,【總公司】數據分析人員,萊爾富國際股份有限公司,台北市,內湖區,1年以上,大學,38000,https://www.104.com.tw/job/7s841?jobsource=jolist_a_relevance
2023/4/23,Tableau+Alteryx 專案服務實施顧問,德昂資訊股份有限公司,台北市,松山區,3年以上,大學,65000,https://www.104.com.tw/job/7y6z6?jobsource=jolist_a_relevance
2023/4/23,數據分析師（健康數據統計、分析）,耀迅科技股份有限公司,台南市,東區,2年以上,大學,45000,https://www.104.com.tw/job/7xv8s?jobsource=jolist_a_relevance
2023/4/23,OP營運數據分析專員,盈德網絡服務有限公司,台北市,松山區,3年以上,專科,45000,https://www.104.com.tw/job/7toj7?jobsource=jolist_a_relevance
2023/4/23,商業分析師,天能資訊有限公司,台北市,內湖區,經歷不拘,大學,45000,https://www.104.com.tw/job/7lzex?jobsource=jolist_a_relevance
2023/4/23,【產品處】數據應用產品 (副總監/經理/副理),域動行銷股份有限公司,台北市,松山區,2年以上,大學,45000,https://www.104.com.tw/job/7kwnm?jobsource=jolist_a_relevance
2023/4/23,資料分析人員(校務研究處),義守大學,高雄市,大樹區,經歷不拘,大學,32400,https://www.104.com.tw/job/7y7aq?jobsource=jolist_a_relevance
2023/4/23,資料科學家 Data Scientist,干城數碼有限公司,台北市,中山區,2年以上,大學,45000,https://www.104.com.tw/job/6vg27?jobsource=jolist_a_relevance
2023/4/23,高級商業分析自動化顧問--Alteryx+BI產品,德昂資訊股份有限公司,台北市,松山區,3年以上,大學,65000,https://www.104.com.tw/job/7y592?jobsource=jolist_a_relevance
2023/4/23,儲能數據分析工程師,台泥企業團_臺泥資訊股份有限公司,台北市,中山區,3年以上,碩士,45000,https://www.104.com.tw/job/7na0r?jobsource=jolist_a_relevance
2023/4/23,數據分析師(健康數據統計、分析),國立成功大學_創新數位內容研究中心,台南市,東區,2年以上,碩士,45000,https://www.104.com.tw/job/7j7uc?jobsource=jolist_a_relevance
2023/4/23,【風險諮詢】營運數據分析與資料視覺化顧問－高雄所、台北所,勤業眾信聯合會計師事務所,高雄市,前鎮區,經歷不拘,大學,45000,https://www.104.com.tw/job/7kkk2?jobsource=jolist_a_relevance
2023/4/23,資料分析師(CPO)(新北土城/海外),鴻海集團_英屬開曼群島商鴻騰精密科技股份有限公司台灣分公司,新北市,土城區,經歷不拘,大學,45000,https://www.104.com.tw/job/7xdy2?jobsource=jolist_a_relevance
2023/4/23,數據分析專員,日崚有限公司,新北市,新店區,經歷不拘,專科,45000,https://www.104.com.tw/job/7y9rp?jobsource=jolist_a_relevance
2023/4/23,CRM 資深專員(數據分析師),益福生醫股份有限公司,台北市,中山區,3年以上,大學,45000,https://www.104.com.tw/job/7n0a5?jobsource=jolist_a_relevance
2023/4/23,AI Engineer / 人工智慧工程師（台中辦公室）,財團法人人工智慧科技基金會,台中市,西屯區,經歷不拘,大學,55000,https://www.104.com.tw/job/74eb1?jobsource=jolist_a_relevance
2023/4/23,資料科學工程師0609,Phison Electronics Corp_群聯電子股份有限公司,苗栗縣,竹南鎮,2年以上,大學,45000,https://www.104.com.tw/job/7lmsm?jobsource=jolist_a_relevance
2023/4/23,資料分析工讀生(約聘),瑞昱半導體股份有限公司,新竹市,,經歷不拘,大學,33200,https://www.104.com.tw/job/7wep3?jobsource=jolist_a_relevance
2023/4/23,數據分析師 (經理職),(遠東集團)鼎鼎企業管理顧問股份有限公司,台北市,大安區,10年以上,大學,45000,https://www.104.com.tw/job/7bein?jobsource=jolist_a_relevance
2023/4/23,EDW/BI數據分析師(楊梅廠),華新科技股份有限公司,桃園市,楊梅區,經歷不拘,大學,45000,https://www.104.com.tw/job/7ynpj?jobsource=jolist_a_relevance
2023/4/23,JR100137 商業數據分析師 Business Analyst (具備分析與簡報能力),中國人壽保險股份有限公司(總公司),台北市,松山區,3年以上,大學,45000,https://www.104.com.tw/job/7n08k?jobsource=jolist_a_relevance
2023/4/23,大數據部門商業分析師,典通股份有限公司,台北市,中正區,經歷不拘,碩士,42500,https://www.104.com.tw/job/7k72g?jobsource=jolist_a_relevance
2023/4/23,資深數據分析師(大數據發展事業處),55688集團_台灣智慧生活網股份有限公司,新北市,三重區,2年以上,大學,45000,https://www.104.com.tw/job/7maio?jobsource=jolist_a_relevance
2023/4/23,"商業數據分析師 BA/Business Analyst -集團徵才(數數發中心, DDT)",國泰金控_國泰金融控股股份有限公司,台北市,信義區,2年以上,大學,45000,https://www.104.com.tw/job/7vjod?jobsource=jolist_a_relevance
2023/4/23,數據視覺化分析專員,威彼資訊有限公司,台北市,南港區,5年以上,大學,45000,https://www.104.com.tw/job/7yzht?jobsource=jolist_a_relevance
2023/4/23,[行政]企劃處/數據分析專員,醫療財團法人徐元智先生醫藥基金會亞東紀念醫院,新北市,板橋區,經歷不拘,碩士,41000,https://www.104.com.tw/job/6ds2z?jobsource=jolist_a_relevance
2023/4/23,EE研發資深工程師(AIO),薩摩亞商宸展科技有限公司台灣分公司,台北市,大安區,7年以上,專科,45000,https://www.104.com.tw/job/6a8fi?jobsource=jolist_a_relevance
2023/4/23,【2023關鍵職務】產業分析師,資策會_財團法人資訊工業策進會,台北市,大安區,經歷不拘,碩士,45000,https://www.104.com.tw/job/7t5a5?jobsource=jolist_a_relevance
2023/4/23,行銷數據分析師,摘星社群行銷顧問股份有限公司,台北市,中山區,3年以上,大學,45000,https://www.104.com.tw/job/78oiv?jobsource=jolist_a_relevance
2023/4/23,【南港知名電腦外商 - 數據工程師】(外商文化/保障年薪13.5個月/歡迎熱愛挑戰自己的你！！)_TLS_816,藝珂人事顧問股份有限公司,台北市,南港區,2年以上,大學,58000,https://www.104.com.tw/job/7y9q3?jobsource=jolist_a_relevance
2023/4/23,人工智慧資料科學家/AI Data Scientist_台達研究院(台北),台達電子工業股份有限公司 _DELTA ELECTRONICS INC.,台北市,內湖區,經歷不拘,碩士,45000,https://www.104.com.tw/job/7v730?jobsource=jolist_a_relevance
2023/4/23,金融數據分析師（ Data Analyst）,公信科技股份有限公司,高雄市,左營區,1年以上,學歷不拘,47500,https://www.104.com.tw/job/7g6mp?jobsource=jolist_a_relevance
2023/4/23,資料分析師,新安東京海上產物保險股份有限公司,台北市,中山區,7年以上,大學,46500,https://www.104.com.tw/job/7yllw?jobsource=jolist_a_relevance
2023/4/23,D429 產業研究分析師/ 數據分析師(可遠端工作),台灣大哥大股份有限公司,台北市,信義區,3年以上,學歷不拘,43500,https://www.104.com.tw/job/7ev6p?jobsource=jolist_a_relevance
2023/4/23,商業分析師 Business Intelligence Analyst,ViewSonic Corporation_優派國際股份有限公司,新北市,中和區,2年以上,大學,45000,https://www.104.com.tw/job/7y8uq?jobsource=jolist_a_relevance
2023/4/23,Marketing/SEM Specialist 市場分析,達飛通運有限公司,台北市,中山區,2年以上,專科,45000,https://www.104.com.tw/job/7whz1?jobsource=jolist_a_relevance
2023/4/23,"商業分析師 BA/Business Analyst -數據科技(數數發中心, DDT)",國泰金控_國泰金融控股股份有限公司,台北市,信義區,3年以上,大學,45000,https://www.104.com.tw/job/7de8n?jobsource=jolist_a_relevance
2023/4/23,CRM 數據分析主任/副理,麥絲瑪拉台灣零售股份有限公司,台北市,松山區,5年以上,專科,45000,https://www.104.com.tw/job/7wpms?jobsource=jolist_a_relevance
2023/4/23,"【數位金融】商業數據分析師(數數發中心, DDT)",國泰世華商業銀行股份有限公司_人力資源部,台北市,信義區,3年以上,大學,45000,https://www.104.com.tw/job/4xn8j?jobsource=jolist_a_relevance
2023/4/23,C200 資深數據分析師/專案副理,中磊電子股份有限公司,台北市,南港區,5年以上,大學,45000,https://www.104.com.tw/job/7wuc7?jobsource=jolist_a_relevance
2023/4/23,統一期貨_數據資料分析及報表自動化人員,統一期貨股份有限公司,台北市,松山區,經歷不拘,大學,40000,https://www.104.com.tw/job/7omd4?jobsource=jolist_a_relevance
2023/4/23,策略研究處 研究調查組 專案人員（數據分析）定期,文化內容策進院,台北市,松山區,5年以上,大學,45000,https://www.104.com.tw/job/7ug65?jobsource=jolist_a_relevance
2023/4/23,AI Engineer / 人工智慧工程師,財團法人人工智慧科技基金會,台北市,信義區,經歷不拘,大學,55000,https://www.104.com.tw/job/62ro1?jobsource=jolist_a_relevance
2023/4/23,【集團數據人才招募】商業分析師,國泰金控_國泰金融控股股份有限公司,台北市,信義區,1年以上,大學,45000,https://www.104.com.tw/job/7yr1k?jobsource=jolist_a_relevance
2023/4/23,【Start up! 2023實習-在台達開創你的達時代！】AI Digital Twin 實習生_台達研究院(台北),台達電子工業股份有限公司 _DELTA ELECTRONICS INC.,台北市,內湖區,經歷不拘,碩士,36000,https://www.104.com.tw/job/7y4ql?jobsource=jolist_a_relevance
2023/4/23,商業數據分析師 - 數據科技,國泰世紀產物保險股份有限公司,台北市,大安區,3年以上,大學,41000,https://www.104.com.tw/job/7lsx2?jobsource=jolist_a_relevance
2023/4/23,行銷數據分析師 Marketing Data Analyst,以沛有限公司,台北市,松山區,3年以上,大學,46500,https://www.104.com.tw/job/7apbd?jobsource=jolist_a_relevance
2023/4/23,Senior Data Analyst 資深資料數據分析師,阿福股份有限公司,台北市,信義區,3年以上,大學,100000,https://www.104.com.tw/job/7xsfm?jobsource=jolist_a_relevance
2023/4/23,市場分析師(U004),樂夠科技有限公司,台中市,西屯區,1年以上,大學,45000,https://www.104.com.tw/job/7xaju?jobsource=jolist_a_relevance
2023/4/23,元大銀行-個金業務部-客群經營資料分析人員,元大金融控股股份有限公司(元大金控) (元大證券) (元大銀行),台北市,大同區,1年以上,專科,43500,https://www.104.com.tw/job/3ydew?jobsource=jolist_a_relevance
2023/4/23,2023校園徵才-市場數據分析師(Data Scientist),華碩電腦股份有限公司,台北市,北投區,經歷不拘,大學,30000,https://www.104.com.tw/job/7vy7a?jobsource=jolist_a_relevance
2023/4/23,資料分析經理 【資料分析應用處】,邁達特數位股份有限公司,台北市,內湖區,5年以上,專科,45000,https://www.104.com.tw/job/7oylq?jobsource=jolist_a_relevance
2023/4/23,【MIC】產業分析師(5G、網通相關),資策會_財團法人資訊工業策進會,台北市,大安區,1年以上,碩士,45000,https://www.104.com.tw/job/7t431?jobsource=jolist_a_relevance
2023/4/23,DA 遊戲數據分析師,神來也麻將_慧邦科技股份有限公司,台北市,中正區,經歷不拘,大學,45000,https://www.104.com.tw/job/48wpc?jobsource=jolist_a_relevance
2023/4/23,AI專案副理/專案主任/工程師,台泥企業團_臺泥資訊股份有限公司,台北市,中山區,經歷不拘,碩士,45000,https://www.104.com.tw/job/7xlwa?jobsource=jolist_a_relevance
2023/4/23,【AI】iPEBG Machine Learning 工程師,鴻海精密工業股份有限公司,新北市,土城區,3年以上,碩士,60000,https://www.104.com.tw/job/6jtqu?jobsource=jolist_a_relevance
2023/4/23,資料工程師,圖靈數位股份有限公司,台北市,中正區,經歷不拘,大學,45000,https://www.104.com.tw/job/7v0e3?jobsource=jolist_a_relevance
2023/4/23,市場分析助理,雄品國際股份有限公司,新北市,中和區,2年以上,專科,50000,https://www.104.com.tw/job/7pfyq?jobsource=jolist_a_relevance
2023/4/23,數據分析師,華南商業銀行股份有限公司,台北市,信義區,3年以上,大學,50000,https://www.104.com.tw/job/7o6ym?jobsource=jolist_a_relevance
2023/4/23,MaaS數據策略規劃師,和泰汽車股份有限公司,台北市,中山區,3年以上,大學,61500,https://www.104.com.tw/job/7bqwq?jobsource=jolist_a_relevance
2023/4/23,專案研究及統計分析專員(新北市學校評鑑計畫),國立臺灣師範大學_教育政策與行政研究所,台北市,大安區,經歷不拘,大學,39500,https://www.104.com.tw/job/7ype1?jobsource=jolist_a_relevance
2023/4/23,專案研究及統計分析專員(新北市學校評鑑計畫),國立臺灣師範大學_教育政策與行政研究所,台北市,大安區,經歷不拘,大學,39500,https://www.104.com.tw/job/7ype1?jobsource=jolist_a_relevance
2023/4/23,大數據部門數據應用規劃師,典通股份有限公司,台北市,中正區,經歷不拘,碩士,42500,https://www.104.com.tw/job/75p77?jobsource=jolist_a_relevance
2023/4/23,【擴編新團隊】數據分析師,百阜科技股份有限公司,台北市,內湖區,經歷不拘,專科,45000,https://www.104.com.tw/job/758eh?jobsource=jolist_a_relevance
2023/4/23,地理資訊科學研究專題中心-專任GIS資料工程師,中央研究院_人文社會科學研究中心,台北市,南港區,經歷不拘,大學,52605,https://www.104.com.tw/job/7xtu0?jobsource=jolist_a_relevance
2023/4/23,Data Scientist,巨量移動科技有限公司,台北市,內湖區,2年以上,大學,45000,https://www.104.com.tw/job/6ylyi?jobsource=jolist_a_relevance
2023/4/23,"商業分析師BA/Business Analyst - 集團徵才 (數數發中心,DDT)",國泰金控_國泰金融控股股份有限公司,台北市,信義區,1年以上,大學,45000,https://www.104.com.tw/job/7vjof?jobsource=jolist_a_relevance
2023/4/23,HIPO疾行軍招募計畫-產業研究分析師/ 數據分析師(可遠端工作),台灣大哥大股份有限公司,台北市,信義區,2年以上,學歷不拘,45000,https://www.104.com.tw/job/7m2lj?jobsource=jolist_a_relevance
2023/4/23,AI Success Consultant 專案經理,行動貝果有限公司,台北市,信義區,1年以上,大學,45000,https://www.104.com.tw/job/7d3sw?jobsource=jolist_a_relevance
2023/4/23,風險_個金風險AI規劃人員,中國信託商業銀行股份有限公司,台北市,南港區,經歷不拘,碩士,45000,https://www.104.com.tw/job/3sct9?jobsource=jolist_a_relevance
2023/4/23,數據工程師,雲馥數位股份有限公司,新北市,三重區,2年以上,大學,45000,https://www.104.com.tw/job/7t859?jobsource=jolist_a_relevance
2023/4/23,量化策略與金融大數據工程師,沛然資訊有限公司,台北市,內湖區,經歷不拘,大學,45000,https://www.104.com.tw/job/7mnu3?jobsource=jolist_a_relevance
2023/4/23,數據助理工程師,雲馥數位股份有限公司,新北市,三重區,1年以上,大學,31500,https://www.104.com.tw/job/7t83h?jobsource=jolist_a_relevance
2023/4/23,"商業數據分析師 BA/Business Analyst -數據科技(數數發中心, DDT)",國泰金控_國泰金融控股股份有限公司,台北市,信義區,3年以上,大學,45000,https://www.104.com.tw/job/6l49y?jobsource=jolist_a_relevance
2023/4/23,集團總部 - CRM Data Analyst (會員數據分析師),必勝客Pizza Hut/肯德基KFC_富利餐飲股份有限公司,台北市,中山區,3年以上,大學,45000,https://www.104.com.tw/job/6x42q?jobsource=jolist_a_relevance
2023/4/23,Data Scientist _ 台達研究院(台北/南科),台達電子工業股份有限公司 _DELTA ELECTRONICS INC.,台北市,內湖區,經歷不拘,博士,45000,https://www.104.com.tw/job/7uyta?jobsource=jolist_a_relevance
2023/4/23,商業智慧顧問 （消費大數據分析）,歐易亞科技股份有限公司,台北市,中正區,6年以上,大學,45000,https://www.104.com.tw/job/7p7dj?jobsource=jolist_a_relevance
2023/4/23,大數據與資訊安全處-資訊安全資深工程師,華新麗華股份有限公司,台北市,信義區,5年以上,大學,45000,https://www.104.com.tw/job/7sdoy?jobsource=jolist_a_relevance
2023/4/23,SQL資料分析及報表開發工程師(台中總公司),World Gym_香港商世界健身事業有限公司台灣分公司,台中市,西屯區,2年以上,大學,60000,https://www.104.com.tw/job/7s06k?jobsource=jolist_a_relevance
2023/4/23,【凱基證券/電子商務事業部】客群數據分析師,中華開發金融控股股份有限公司(凱基證券)(凱基銀行)(中華開發資本),台北市,中正區,2年以上,大學,45000,https://www.104.com.tw/job/7mqk5?jobsource=jolist_a_relevance
2023/4/23,[Digital Analyst] 數據媒體分析師,香港商慧科訊業有限公司台灣分公司,台北市,信義區,3年以上,大學,45000,https://www.104.com.tw/job/7qrf5?jobsource=jolist_a_relevance
2023/4/23,【數據發展部】資料工程師,聯合報股份有限公司,新北市,汐止區,經歷不拘,大學,45000,https://www.104.com.tw/job/7hlcd?jobsource=jolist_a_relevance
2023/4/23,【凱基證券/電子商務事業部】客群數據分析師,中華開發金融控股股份有限公司(凱基證券)(凱基銀行)(中華開發資本),台北市,中正區,2年以上,大學,45000,https://www.104.com.tw/job/7mqk5?jobsource=jolist_a_relevance
2023/4/23,資訊系統部AS400系統分析師(COBOL開發工程師),統一綜合證券股份有限公司,台北市,松山區,經歷不拘,大學,60000,https://www.104.com.tw/job/4o08m?jobsource=jolist_a_relevance
2023/4/23,元大銀行-個金業務部-客群經營資料分析人員,元大金融控股股份有限公司(元大金控) (元大證券) (元大銀行),台北市,大同區,經歷不拘,專科,36000,https://www.104.com.tw/job/6g2oe?jobsource=jolist_a_relevance
2023/4/23,企劃室經濟分析單元【產業分析師】副研究員,財團法人食品工業發展研究所_食品所,新竹市,,經歷不拘,碩士,45200,https://www.104.com.tw/job/7sxte?jobsource=jolist_a_relevance
2023/4/23,工研院綠能所_人工智慧工程師(U300),工研院 _財團法人工業技術研究院,新竹縣,竹東鎮,經歷不拘,碩士,50000,https://www.104.com.tw/job/7mcwf?jobsource=jolist_a_relevance
2023/4/23,【誠品線上】BI數據分析師,誠品生活股份有限公司,台北市,信義區,經歷不拘,大學,45000,https://www.104.com.tw/job/7yby6?jobsource=jolist_a_relevance
2023/4/23,RD10094 軟體實習生 (Medical AI),華碩電腦股份有限公司,台北市,北投區,經歷不拘,大學,28000,https://www.104.com.tw/job/7v03e?jobsource=jolist_a_relevance
2023/4/23,"【數位金融】資料科學分析師 - 專案管理 (數數發中心,DDT)",國泰世華商業銀行股份有限公司_人力資源部,台北市,信義區,經歷不拘,碩士,45000,https://www.104.com.tw/job/7a1dt?jobsource=jolist_a_relevance
2023/4/23,【健康事業部】數據分析師,聯合報股份有限公司,新北市,汐止區,2年以上,專科,42500,https://www.104.com.tw/job/6uade?jobsource=jolist_a_relevance
2023/4/23,數據分析師,東昇休閒有限公司,台中市,北屯區,經歷不拘,碩士,50000,https://www.104.com.tw/job/7x2nu?jobsource=jolist_a_relevance
2023/4/23,大數據部門研究員,典通股份有限公司,台北市,中正區,經歷不拘,碩士,42500,https://www.104.com.tw/job/7k69c?jobsource=jolist_a_relevance
2023/4/23,YFG-資料科學家(新店),裕融企業股份有限公司,新北市,新店區,經歷不拘,大學,52500,https://www.104.com.tw/job/7fdhs?jobsource=jolist_a_relevance
2023/4/23,.半導體產業分析專員 （台北/竹科）,崇越科技股份有限公司,台北市,內湖區,5年以上,大學,45000,https://www.104.com.tw/job/7wic9?jobsource=jolist_a_relevance
2023/4/23,AI專案主任/工程師,台泥企業團_臺泥資訊股份有限公司,台北市,中山區,經歷不拘,碩士,45000,https://www.104.com.tw/job/7wr2l?jobsource=jolist_a_relevance
2023/4/23,【數位數據】數據暨客群經營分析師,國泰世華商業銀行股份有限公司_人力資源部,台北市,信義區,2年以上,大學,45000,https://www.104.com.tw/job/5wxv6?jobsource=jolist_a_relevance
2023/4/23,數據產品經理 / Product Manager,洰和股份有限公司,台北市,信義區,2年以上,專科,45000,https://www.104.com.tw/job/7wjnt?jobsource=jolist_a_relevance
2023/4/23,Data Product Manager (視訊/線上面談),104人力銀行_一零四資訊科技股份有限公司,新北市,新店區,5年以上,大學,45000,https://www.104.com.tw/job/7ty2b?jobsource=jolist_a_relevance
2023/4/23,軟體工程師(數據科學),摯陞數位科技有限公司,高雄市,苓雅區,1年以上,大學,52500,https://www.104.com.tw/job/7sit4?jobsource=jolist_a_relevance
2023/4/23,國立臺中教育大學計畫誠徵專任助理乙位(測驗統計分析領域尤佳),國立臺中教育大學_測驗統計與適性學習研究中心,台中市,西區,1年以上,碩士,38630,https://www.104.com.tw/job/7hthx?jobsource=jolist_a_relevance
2023/4/23,數據分析師(企業金融/消費金融/財富管理),華南商業銀行股份有限公司,台北市,信義區,3年以上,大學,50000,https://www.104.com.tw/job/7o701?jobsource=jolist_a_relevance
2023/4/23,AI應用系統工程師,新代科技股份有限公司,新竹市,,經歷不拘,碩士,45000,https://www.104.com.tw/job/7lyyr?jobsource=jolist_a_relevance
2023/4/23,數據分析PM,衡昱電商股份有限公司,台中市,北區,3年以上,大學,40000,https://www.104.com.tw/job/7ye24?jobsource=jolist_a_relevance
2023/4/23,【風險諮詢】數位轉型服務-數據分析資深經理,勤業眾信聯合會計師事務所,台北市,信義區,7年以上,大學,45000,https://www.104.com.tw/job/7b3z5?jobsource=jolist_a_relevance
2023/4/23,【集團數據人才招募】專案管理師,國泰金控_國泰金融控股股份有限公司,台北市,信義區,1年以上,大學,45000,https://www.104.com.tw/job/7yqtp?jobsource=jolist_a_relevance
2023/4/23,【風險諮詢】數位轉型服務-數據分析資深經理,勤業眾信聯合會計師事務所,台北市,信義區,7年以上,大學,45000,https://www.104.com.tw/job/7b3z5?jobsource=jolist_a_relevance
2023/4/23,資料科學家 (Data Scientist),安智聯科技有限公司,桃園市,桃園區,3年以上,碩士,50000,https://www.104.com.tw/job/6xrlh?jobsource=jolist_a_relevance
2023/4/23,《平鎮》數據分析工程師,新光合成纖維股份有限公司,桃園市,平鎮區,2年以上,大學,45000,https://www.104.com.tw/job/6xj2k?jobsource=jolist_a_relevance
2023/4/23,營運數據分析師,益卡樂科技股份有限公司,新竹市,,3年以上,大學,42500,https://www.104.com.tw/job/7iwn0?jobsource=jolist_a_relevance
2023/4/23,數據分析師,遠東集團HAPPY GO_鼎鼎聯合行銷股份有限公司,新北市,板橋區,2年以上,大學,45000,https://www.104.com.tw/job/7m92r?jobsource=jolist_a_relevance
2023/4/23,智慧製造生技工程師,漢鐘精機股份有限公司,台中市,南屯區,2年以上,大學,45000,https://www.104.com.tw/job/7wgi6?jobsource=jolist_a_relevance
2023/4/23,大數據分析工程師,鴻海集團_鴻揚半導體股份有限公司,新竹市,,經歷不拘,大學,45000,https://www.104.com.tw/job/7xuuw?jobsource=jolist_a_relevance
2023/4/23,AI深度學習工程師,慧演智能股份有限公司,台中市,大里區,1年以上,碩士,65000,https://www.104.com.tw/job/7qb4s?jobsource=jolist_a_relevance
2023/4/23,Machine Learning Engineer 機器學習工程師,美庫爾數據商務顧問股份有限公司,台北市,信義區,2年以上,大學,45000,https://www.104.com.tw/job/7yeqt?jobsource=jolist_a_relevance
2023/4/23,LINE TV 數據分析師 (Data analyst),LINE TV_巧克科技新媒體股份有限公司,台北市,松山區,2年以上,大學,45000,https://www.104.com.tw/job/7b3ts?jobsource=jolist_a_relevance
2023/4/23,DC03 網發部/客戶服務課-資料監看人員,智冠科技股份有限公司,台北市,南港區,經歷不拘,專科,31000,https://www.104.com.tw/job/7k57i?jobsource=jolist_a_relevance
2023/4/23,資料工程師(竹科),晶元光電股份有限公司(晶電),新竹市,,經歷不拘,碩士,36000,https://www.104.com.tw/job/7csd2?jobsource=jolist_a_relevance
2023/4/23,大數據與資訊安全處-資訊安全工程師,華新麗華股份有限公司,台北市,信義區,5年以上,大學,45000,https://www.104.com.tw/job/7sb6g?jobsource=jolist_a_relevance
2023/4/23,數據管理工程師,致富寶股份有限公司,台北市,內湖區,經歷不拘,大學,35000,https://www.104.com.tw/job/7e1sl?jobsource=jolist_a_relevance
2023/4/23,資深大數據分析人員,華南商業銀行股份有限公司,台北市,信義區,3年以上,大學,50000,https://www.104.com.tw/job/7vw7a?jobsource=jolist_a_relevance
2023/4/23,資料分析師_0197,遊戲橘子數位科技股份有限公司,台北市,內湖區,經歷不拘,大學,45000,https://www.104.com.tw/job/7b8w0?jobsource=jolist_a_relevance
2023/4/23,AI應用工程師 _ 機電事業群(南科),台達電子工業股份有限公司 _DELTA ELECTRONICS INC.,台南市,善化區,3年以上,碩士,45000,https://www.104.com.tw/job/7lv9z?jobsource=jolist_a_relevance
2023/4/23,【資訊專才】 大數據資料分析師 Data Analyst,國泰人壽保險股份有限公司_總公司_國泰金控,台北市,內湖區,1年以上,大學,45000,https://www.104.com.tw/job/789af?jobsource=jolist_a_relevance
2023/4/23,"東南亞金融科技發展-商業分析師（數數發中心, DDT）",國泰金控_國泰金融控股股份有限公司,台北市,信義區,2年以上,大學,45000,https://www.104.com.tw/job/7aflm?jobsource=jolist_a_relevance
2023/4/23,工研院資通所_AI醫療診斷研發工程師(W201),工研院 _財團法人工業技術研究院,新竹縣,竹東鎮,1年以上,碩士,45000,https://www.104.com.tw/job/7v7t9?jobsource=jolist_a_relevance
2023/4/23,"東南亞金融科技發展-商業分析師（數數發中心, DDT）",國泰金控_國泰金融控股股份有限公司,台北市,信義區,2年以上,大學,45000,https://www.104.com.tw/job/7aflm?jobsource=jolist_a_relevance
2023/4/23,工研院資通所_AI醫療診斷研發工程師(W201),工研院 _財團法人工業技術研究院,新竹縣,竹東鎮,1年以上,碩士,45000,https://www.104.com.tw/job/7v7t9?jobsource=jolist_a_relevance
2023/4/23,商業分析師 Business Analyst（GS-執行長室）,佳樂事達科技有限公司,台北市,信義區,5年以上,大學,45000,https://www.104.com.tw/job/6xna0?jobsource=jolist_a_relevance
2023/4/23,【總公司】數據分析師(媒體數據部),海悅國際開發股份有限公司,台北市,松山區,經歷不拘,大學,45000,https://www.104.com.tw/job/7wi6f?jobsource=jolist_a_relevance
2023/4/23,大數據部門數據工程師,典通股份有限公司,台北市,中正區,經歷不拘,碩士,46500,https://www.104.com.tw/job/7763m?jobsource=jolist_a_relevance
2023/4/23,程式設計/電商數據管理人員,豐脈電子商務有限公司,彰化縣,社頭鄉,經歷不拘,高中,40000,https://www.104.com.tw/job/7xl3d?jobsource=jolist_a_relevance
2023/4/23,資料分析師 Data Engineer,生活市集_創業家兄弟股份有限公司,台北市,南港區,經歷不拘,大學,45000,https://www.104.com.tw/job/77rzy?jobsource=jolist_a_relevance
2023/4/23,【i】數據挖掘工程師,鴻海精密工業股份有限公司,新北市,土城區,2年以上,大學,45000,https://www.104.com.tw/job/5bbpv?jobsource=jolist_a_relevance
2023/4/23,大數據分析人員,華南商業銀行股份有限公司,台北市,信義區,經歷不拘,大學,47500,https://www.104.com.tw/job/7vw84?jobsource=jolist_a_relevance
2023/4/23,前瞻商品市場分析師,CARMAX_車美仕股份有限公司,桃園市,龜山區,經歷不拘,大學,58300,https://www.104.com.tw/job/7rs8i?jobsource=jolist_a_relevance
2023/4/23,AI大數據分析師,網際威信股份有限公司,台北市,內湖區,1年以上,大學,35714,https://www.104.com.tw/job/6nnhm?jobsource=jolist_a_relevance
2023/4/23,【Start up! 2023實習-在台達開創你的達時代！】數據科學應用開發實習生_AOT (台北),台達電子工業股份有限公司 _DELTA ELECTRONICS INC.,台北市,內湖區,經歷不拘,大學,38000,https://www.104.com.tw/job/7yd79?jobsource=jolist_a_relevance
2023/4/23,"專案管理師Project Management -數據科技(數數發中心, DDT)",國泰金控_國泰金融控股股份有限公司,台北市,信義區,3年以上,大學,45000,https://www.104.com.tw/job/7gnm0?jobsource=jolist_a_relevance
2023/4/23,數據分析設計師,鑫潮國際股份有限公司,台中市,西屯區,2年以上,大學,45000,https://www.104.com.tw/job/79wh1?jobsource=jolist_a_relevance
2023/4/23,TA4825 AI 機器學習與深度學習研發經理,致伸科技股份有限公司,台北市,內湖區,8年以上,碩士,45000,https://www.104.com.tw/job/7xfj1?jobsource=jolist_a_relevance
2023/4/23,資料分析工程師,瑞昱半導體股份有限公司,新竹市,,經歷不拘,碩士,45000,https://www.104.com.tw/job/6xmvb?jobsource=jolist_a_relevance
2023/4/23,【Start up! 2023實習-在台達開創你的達時代！】Data軟體開發實習生_資訊處(台北),台達電子工業股份有限公司 _DELTA ELECTRONICS INC.,台北市,內湖區,經歷不拘,碩士,38000,https://www.104.com.tw/job/7yakk?jobsource=jolist_a_relevance
2023/4/23,【德商DHL】新竹(竹東)－資料分析專員(儲備人才)－KW,DHL_台灣敦豪供應鏈股份有限公司,新竹縣,竹東鎮,經歷不拘,大學,43000,https://www.104.com.tw/job/6uybu?jobsource=jolist_a_relevance
2023/4/23,產品專案經理(智能數據分析師 ) (良率提昇工程師),昱峰智能大數據科技股份有限公司,台北市,信義區,3年以上,專科,45000,https://www.104.com.tw/job/6ta63?jobsource=jolist_a_relevance
2023/4/23,【德商DHL】新竹(竹東)－資料分析專員(儲備人才)－KW,DHL_台灣敦豪供應鏈股份有限公司,新竹縣,竹東鎮,經歷不拘,大學,43000,https://www.104.com.tw/job/6uybu?jobsource=jolist_a_relevance
2023/4/23,大數據分析及應用工程師[112-8_CHM-07],中華電信股份有限公司,台北市,中正區,經歷不拘,碩士,45000,https://www.104.com.tw/job/7yuto?jobsource=jolist_a_relevance
2023/4/23,數據分析師(風險管理),華南商業銀行股份有限公司,台北市,信義區,3年以上,大學,50000,https://www.104.com.tw/job/7o6x8?jobsource=jolist_a_relevance
2023/4/23,深度(機器)學習資料科學家(台中),慧穩科技股份有限公司,台中市,西屯區,3年以上,碩士,45000,https://www.104.com.tw/job/6ct4d?jobsource=jolist_a_relevance
2023/4/23,調查研究專題中心-博士後研究員(SRDA學術調查研究資料庫),中央研究院_人文社會科學研究中心,台北市,南港區,經歷不拘,博士,60274,https://www.104.com.tw/job/7xkpc?jobsource=jolist_a_relevance
2023/4/23,[資訊發展部]系統分析師,程曦資訊整合股份有限公司,台北市,大同區,1年以上,大學,40000,https://www.104.com.tw/job/7ymrz?jobsource=jolist_a_relevance
2023/4/23,"Customer Success Manager (digital ads), SaaS Platform (AIXPERT)",沛星互動科技股份有限公司,台北市,信義區,1年以上,大學,45000,https://www.104.com.tw/job/7r3wl?jobsource=jolist_a_relevance
2023/4/23,資料工程師_汐止_00000,緯創資通股份有限公司,新北市,汐止區,經歷不拘,大學,45000,https://www.104.com.tw/job/7vkuo?jobsource=jolist_a_relevance
2023/4/23,資料工程師(資訊研發部),東森購物_電視購物_東森得易購股份有限公司,新北市,中和區,2年以上,大學,45000,https://www.104.com.tw/job/7unuh?jobsource=jolist_a_relevance
2023/4/23,【MIC】產業分析師(永續經濟I),資策會_財團法人資訊工業策進會,台北市,大安區,經歷不拘,大學,45000,https://www.104.com.tw/job/7vb77?jobsource=jolist_a_relevance
2023/4/23,大數據分析暨人工智慧開發工程師-智慧交通領域(IAD20),資拓宏宇國際股份有限公司,新北市,板橋區,經歷不拘,大學,40000,https://www.104.com.tw/job/79we1?jobsource=jolist_a_relevance
2023/4/23,資訊管理-資料數據平台工程師(FI2170),智邦科技股份有限公司,新竹市,,3年以上,專科,45000,https://www.104.com.tw/job/7wg70?jobsource=jolist_a_relevance
2023/4/23,數據分析管理師,中嘉數位股份有限公司,台北市,內湖區,3年以上,大學,45000,https://www.104.com.tw/job/7rz99?jobsource=jolist_a_relevance
2023/4/23,工研院產科國際所_機械領域產業分析師(0D100),工研院 _財團法人工業技術研究院,新竹縣,竹東鎮,經歷不拘,碩士,45000,https://www.104.com.tw/job/7yker?jobsource=jolist_a_relevance
2023/4/23,[金融市場/產業分析/專案管理] 徵專職計畫輔佐研究員1名,財團法人中華經濟研究院,台北市,大安區,經歷不拘,碩士,38600,https://www.104.com.tw/job/5ef6e?jobsource=jolist_a_relevance
2023/4/23,商業分析師,酷碼科技股份有限公司,台北市,內湖區,6年以上,大學,45000,https://www.104.com.tw/job/7vquv?jobsource=jolist_a_relevance
2023/4/23,<<外商>>產業分析師/主管,展燁國際人事顧問有限公司,台南市,善化區,8年以上,大學,60000,https://www.104.com.tw/job/7wuy1?jobsource=jolist_a_relevance
2023/4/23,資料分析師<駐點遊戲公司>-G00000009,智聯服務股份有限公司,台北市,內湖區,2年以上,專科,45000,https://www.104.com.tw/job/7t5f2?jobsource=jolist_a_relevance
2023/4/23,(10700) 資料科學工程師,耀群科技股份有限公司,新竹縣,竹北市,3年以上,博士,45000,https://www.104.com.tw/job/7jt9v?jobsource=jolist_a_relevance
2023/4/23,專案管理師(數位事業部/數據暨會員經營組),TVBS_聯利媒體股份有限公司,台北市,內湖區,4年以上,大學,45000,https://www.104.com.tw/job/7tiqn?jobsource=jolist_a_relevance
2023/4/23,技術部-Data Analyst,PChome Online_網路家庭國際資訊(股)公司,台北市,大安區,3年以上,專科,45000,https://www.104.com.tw/job/7ynsz?jobsource=jolist_a_relevance
2023/4/23,(整合行銷一部)產業分析人員,潮網科技股份有限公司,台北市,中正區,1年以上,專科,42500,https://www.104.com.tw/job/79xow?jobsource=jolist_a_relevance
2023/4/23,【視訊面試】BA軟體商業分析師,宏益科技服務股份有限公司,台北市,信義區,5年以上,專科,45000,https://www.104.com.tw/job/7uuf1?jobsource=jolist_a_relevance
2023/4/23,【營運部-手遊產品】 Data Analysis 數據分析師,宮廷遊戲科技有限公司,台中市,西屯區,2年以上,大學,53000,https://www.104.com.tw/job/7xnuo?jobsource=jolist_a_relevance
2023/4/23,【AI】iPEBG 智慧製造系統資料分析工程師,鴻海精密工業股份有限公司,新北市,土城區,經歷不拘,碩士,45000,https://www.104.com.tw/job/6ouna?jobsource=jolist_a_relevance
2023/4/23,電子商務數據分析師,和盟電子商務股份有限公司,台北市,中山區,2年以上,大學,40000,https://www.104.com.tw/job/7m9jb?jobsource=jolist_a_relevance
2023/4/23,【誠品】資深數據規劃師（數據規劃組）,誠品股份有限公司,台北市,信義區,5年以上,大學,45000,https://www.104.com.tw/job/7ganx?jobsource=jolist_a_relevance
2023/4/23,數據分析管理師,凱曜網路股份有限公司,台北市,松山區,2年以上,專科,42500,https://www.104.com.tw/job/7wkzx?jobsource=jolist_a_relevance
2023/4/23,AI機器學習工程師,富邦人壽保險股份有限公司(總公司),台北市,內湖區,1年以上,大學,37000,https://www.104.com.tw/job/7pbes?jobsource=jolist_a_relevance
2023/4/23,DBA_MSSQL資料庫管理師,堯晉科技有限公司,台北市,南港區,2年以上,大學,45000,https://www.104.com.tw/job/7oond?jobsource=jolist_a_relevance
2023/4/23,資訊處-數據管理分析專員,玉山綜合證券股份有限公司,台北市,松山區,1年以上,大學,45000,https://www.104.com.tw/job/50k3d?jobsource=jolist_a_relevance
2023/4/23,Senior Data Scientist,美商訊能集思智能科技股份有限公司台灣分公司,台北市,信義區,2年以上,碩士,71429,https://www.104.com.tw/job/763po?jobsource=jolist_a_relevance
2023/4/23,研發替代役_工研院資通所_AI工程師(T1),工研院 _財團法人工業技術研究院,新竹縣,竹東鎮,經歷不拘,碩士,45000,https://www.104.com.tw/job/7sa9t?jobsource=jolist_a_relevance
2023/4/23,經營資訊應用中心－資深資料科學家 Data Scientist,華新麗華股份有限公司,台北市,信義區,5年以上,大學,45000,https://www.104.com.tw/job/7dflp?jobsource=jolist_a_relevance
2023/4/23,資料工程師【戰略數據中心】,"大江生醫股份有限公司(TCI CO., Ltd)",台北市,內湖區,1年以上,大學,45000,https://www.104.com.tw/job/7hyrw?jobsource=jolist_a_relevance
2023/4/23,【風險諮詢】大數據稽核諮詢顧問,勤業眾信聯合會計師事務所,台北市,信義區,2年以上,大學,45000,https://www.104.com.tw/job/550g9?jobsource=jolist_a_relevance
2023/4/23,【系統推展部】數據資料工程師-台北,錠嵂保險經紀人股份有限公司,台北市,松山區,2年以上,專科,40000,https://www.104.com.tw/job/7ad3w?jobsource=jolist_a_relevance
2023/4/23,Google Analytics 數據分析師（ GA Analyst ）,圖靈數位股份有限公司,台北市,中正區,經歷不拘,大學,53000,https://www.104.com.tw/job/5bab9?jobsource=jolist_a_relevance
2023/4/23,【台中】【BD】商業開發管理師(AIOT智慧社區)-2023團隊擴編中,今網智慧科技股份有限公司,台中市,北區,經歷不拘,大學,40000,https://www.104.com.tw/job/7wpi7?jobsource=jolist_a_relevance
2023/4/23,資料工程師/分析師(23031301),叡揚資訊股份有限公司,台北市,中山區,2年以上,專科,45000,https://www.104.com.tw/job/7xha8?jobsource=jolist_a_relevance
2023/4/23,【風險諮詢】RegTech 商業分析顧問,勤業眾信聯合會計師事務所,台北市,信義區,1年以上,大學,45000,https://www.104.com.tw/job/77477?jobsource=jolist_a_relevance
2023/4/23,"AI, 機器學習與資料分析工程師",台灣積體電路製造股份有限公司(台積電),新竹市,,經歷不拘,碩士,45000,https://www.104.com.tw/job/76wwc?jobsource=jolist_a_relevance
2023/4/23,RD20414 影像辨識與數據分析工程師(智慧製造),華碩電腦股份有限公司,台北市,北投區,經歷不拘,碩士,45000,https://www.104.com.tw/job/6oyrc?jobsource=jolist_a_relevance
2023/4/23,資訊安全分析師 (大數據平台 Splunk 應用 ),數聯資安股份有限公司,台北市,內湖區,經歷不拘,專科,45000,https://www.104.com.tw/job/6iubm?jobsource=jolist_a_relevance
2023/4/23,[PM] 資深產品經理（數據分析）Senior Product Manager / 線上面談,凱文科技服務有限公司,台北市,內湖區,3年以上,大學,102500,https://www.104.com.tw/job/7xhz9?jobsource=jolist_a_relevance
2023/4/23,SA10948 市場分析師(商用電腦),華碩電腦股份有限公司,台北市,北投區,經歷不拘,大學,45000,https://www.104.com.tw/job/7r3kf?jobsource=jolist_a_relevance
2023/4/23,爬蟲暨資料工程師 (可接受112年研發替代役),凸版蓋特資訊股份有限公司,台北市,中正區,2年以上,專科,75000,https://www.104.com.tw/job/7p7cw?jobsource=jolist_a_relevance
2023/4/23,系統分析師,上洋產業股份有限公司,新北市,五股區,經歷不拘,大學,50000,https://www.104.com.tw/job/6yykg?jobsource=jolist_a_relevance
2023/4/23,工研院資通所_AI最佳化應用工程師(T101),工研院 _財團法人工業技術研究院,新竹縣,竹東鎮,經歷不拘,碩士,45000,https://www.104.com.tw/job/7v7ap?jobsource=jolist_a_relevance
2023/4/23,商業數據分析師,必礦科技股份有限公司,台北市,南港區,3年以上,大學,45000,https://www.104.com.tw/job/7x7rj?jobsource=jolist_a_relevance
2023/4/23,系統分析師(D1)【全家便利商店關係企業】,精藤股份有限公司,台北市,中山區,2年以上,大學,57143,https://www.104.com.tw/job/71teg?jobsource=jolist_a_relevance
2023/4/23,人工智慧系統開發工程師,森崴能源股份有限公司,新北市,土城區,經歷不拘,大學,45000,https://www.104.com.tw/job/7694v?jobsource=jolist_a_relevance
2023/4/23,ESG 數據服務經理,亞洲指標數位行銷顧問股份有限公司,台北市,松山區,1年以上,大學,42500,https://www.104.com.tw/job/7yfbm?jobsource=jolist_a_relevance
2023/4/23,系統分析師-情報系統【全家便利商店關係企業】,精藤股份有限公司,台北市,中山區,2年以上,大學,71429,https://www.104.com.tw/job/7cde4?jobsource=jolist_a_relevance
2023/4/23,【大數據】資料分析工程師,中華系統整合股份有限公司,台北市,大安區,3年以上,專科,45000,https://www.104.com.tw/job/71mow?jobsource=jolist_a_relevance
2023/4/23,高雄 - 數據分析人員,米倫斯國際股份有限公司,高雄市,苓雅區,2年以上,專科,40000,https://www.104.com.tw/job/7a3gk?jobsource=jolist_a_relevance
2023/4/23,高雄軟體園區-資料平台開發工程師/資料工程,鴻海精密工業股份有限公司,高雄市,前鎮區,經歷不拘,碩士,45000,https://www.104.com.tw/job/5hbsp?jobsource=jolist_a_relevance
2023/4/23,生醫訊號演算法工程師 / 機器學習工程師 / 資料科學家,美思科技股份有限公司,台北市,南港區,3年以上,碩士,45000,https://www.104.com.tw/job/7gwqe?jobsource=jolist_a_relevance
2023/4/23,【顧問部】顧問師 / 高級顧問師(資料分析工程師 (PG))-318B,KPMG_安侯建業聯合會計師事務所,台北市,信義區,經歷不拘,大學,45000,https://www.104.com.tw/job/1x7w9?jobsource=jolist_a_relevance
2023/4/23,量化策略與金融大數據工程師,全富數位有限公司,台中市,北區,經歷不拘,學歷不拘,95000,https://www.104.com.tw/job/7q9k6?jobsource=jolist_a_relevance
2023/4/23,AI 業務專員,Taiwan AI Labs_台智擎股份有限公司,台北市,大同區,3年以上,大學,45000,https://www.104.com.tw/job/7wliw?jobsource=jolist_a_relevance
2023/4/23,工研院產科國際所_綠色及低碳產業分析師/管理師(0Y000),工研院 _財團法人工業技術研究院,台北市,大安區,3年以上,碩士,45000,https://www.104.com.tw/job/7vtmj?jobsource=jolist_a_relevance
2023/4/23,AI工程師,同方投資有限公司,台北市,中山區,3年以上,大學,45000,https://www.104.com.tw/job/7irq1?jobsource=jolist_a_relevance
2023/4/23,工研院產科國際所_健康照護與智慧醫療產業分析師(0E200),工研院 _財團法人工業技術研究院,新竹縣,竹東鎮,3年以上,碩士,45000,https://www.104.com.tw/job/6tta2?jobsource=jolist_a_relevance
2023/4/23,D4000 資料科學家,富邦媒體科技股份有限公司(富邦momo),台北市,內湖區,2年以上,大學,45000,https://www.104.com.tw/job/7vwye?jobsource=jolist_a_relevance
2023/4/23,DBA_DBO_資料庫專員(無經驗可，歡迎大學畢業生),堯晉科技有限公司,台北市,南港區,經歷不拘,大學,45000,https://www.104.com.tw/job/771b6?jobsource=jolist_a_relevance
2023/4/23,工程師(資料分析/報表)-台北,帆宣系統科技股份有限公司,台北市,南港區,3年以上,大學,45000,https://www.104.com.tw/job/7og61?jobsource=jolist_a_relevance
2023/4/23,【審計服務】數位鑑識會計_資料分析顧問_副組長/組長/副理,安永聯合會計師事務所,台北市,信義區,3年以上,大學,48000,https://www.104.com.tw/job/7gvce?jobsource=jolist_a_relevance
2023/4/23,研發替代役_工研院服科中心_醫學影像AI研發工程師(H100),工研院 _財團法人工業技術研究院,新竹縣,竹東鎮,經歷不拘,碩士,45000,https://www.104.com.tw/job/7rvaf?jobsource=jolist_a_relevance
2023/4/23,AI視覺軟硬整合工程師(台中廠)R10,友達光電股份有限公司,台中市,西屯區,經歷不拘,大學,45000,https://www.104.com.tw/job/7x618?jobsource=jolist_a_relevance
2023/4/23,[DI] 大數據 工程師,動力安全資訊股份有限公司,台北市,內湖區,經歷不拘,大學,35000,https://www.104.com.tw/job/4jnp8?jobsource=jolist_a_relevance
2023/4/23,I170 資料分析高階技術主管(可遠端工作),台灣大哥大股份有限公司,台北市,大安區,10年以上,學歷不拘,45000,https://www.104.com.tw/job/7xwux?jobsource=jolist_a_relevance
2023/4/23,Data Scientist 資料工程師,類神經網路股份有限公司,台北市,松山區,經歷不拘,專科,45000,https://www.104.com.tw/job/7abr9?jobsource=jolist_a_relevance
2023/4/23,系統分析師(台北),凌群電腦股份有限公司,台北市,萬華區,3年以上,大學,30000,https://www.104.com.tw/job/2ub3f?jobsource=jolist_a_relevance
2023/4/23,軟體類--(竹北)Data Engineer,華邦電子股份有限公司,新竹縣,竹北市,2年以上,大學,45000,https://www.104.com.tw/job/7yto1?jobsource=jolist_a_relevance
2023/4/23,資料工程師 Data Engineer,永慶房產集團_永慶房屋仲介股份有限公司,台北市,大安區,3年以上,專科,52500,https://www.104.com.tw/job/78pf4?jobsource=jolist_a_relevance
2023/4/23,系統分析師,財團法人台灣產業服務基金會,台北市,大安區,經歷不拘,碩士,45000,https://www.104.com.tw/job/7voon?jobsource=jolist_a_relevance
2023/4/23,AI影像分析及應用工程師_樓宇自動化事業群(台北),台達電子工業股份有限公司 _DELTA ELECTRONICS INC.,台北市,內湖區,2年以上,大學,45000,https://www.104.com.tw/job/7rsv9?jobsource=jolist_a_relevance
2023/4/23,SA系統分析師 (金融交易系統),皆凱科技有限公司,台北市,內湖區,3年以上,專科,45000,https://www.104.com.tw/job/53jvv?jobsource=jolist_a_relevance
2023/4/23,BI數據分析師,嘉聯益科技股份有限公司,新北市,樹林區,3年以上,大學,45000,https://www.104.com.tw/job/7opnt?jobsource=jolist_a_relevance
2023/4/23,資料工程師 Data Engineer,騰創數析股份有限公司,台北市,中山區,1年以上,大學,45000,https://www.104.com.tw/job/7oiof?jobsource=jolist_a_relevance
2023/4/23,產品數據檢核專員,路提科技股份有限公司,台北市,內湖區,經歷不拘,專科,34500,https://www.104.com.tw/job/7kkub?jobsource=jolist_a_relevance
2023/4/23,軟體工程師 Software Engineer (Python Developer),紐奧谷科技股份有限公司,台北市,內湖區,2年以上,大學,60000,https://www.104.com.tw/job/7m6kb?jobsource=jolist_a_relevance
2023/4/23,PA0424 AI大數據設計經理(內湖),仁寶電腦工業股份有限公司,台北市,內湖區,7年以上,大學,45000,https://www.104.com.tw/job/6v25o?jobsource=jolist_a_relevance
2023/4/23,數據分析專員　具備日文或英文溝通能力,台灣克羅瓦雷克斯股份有限公司,台北市,中山區,2年以上,專科,45000,https://www.104.com.tw/job/7dgi7?jobsource=jolist_a_relevance
2023/4/23,Senior Data Engineer/資深數據工程師,殷富資訊股份有限公司,台北市,松山區,5年以上,學歷不拘,45000,https://www.104.com.tw/job/7vak2?jobsource=jolist_a_relevance
2023/4/23,Machine Learning Engineer 機器學習工程師,類神經網路股份有限公司,台北市,松山區,2年以上,大學,45000,https://www.104.com.tw/job/7vec4?jobsource=jolist_a_relevance
2023/4/23,數據分析工程師,百事益國際股份有限公司,新北市,新店區,經歷不拘,專科,45000,https://www.104.com.tw/job/7yw0v?jobsource=jolist_a_relevance
2023/4/23,數據分析師 - Google Analytics,英屬開曼群島商雲數位智能行銷有限公司台灣分公司,台北市,松山區,2年以上,專科,43000,https://www.104.com.tw/job/6q2u8?jobsource=jolist_a_relevance
2023/4/23,高雄軟體園區- 大數據平台整合資深工程師,鴻海精密工業股份有限公司,高雄市,前鎮區,4年以上,碩士,45000,https://www.104.com.tw/job/5ze2j?jobsource=jolist_a_relevance
2023/4/23,Python / Django 開發工程師 (3 年以上)【聯想感】,股感資訊股份有限公司,台北市,松山區,1年以上,專科,85000,https://www.104.com.tw/job/7q2wq?jobsource=jolist_a_relevance
2023/4/23,【風險諮詢】金融犯罪風險資料分析顧問,勤業眾信聯合會計師事務所,台北市,信義區,1年以上,大學,45000,https://www.104.com.tw/job/7f2i9?jobsource=jolist_a_relevance
2023/4/23,【顧問服務部】數據分析顧問,台灣恩悌悌數據股份有限公司,台北市,中山區,3年以上,碩士,45000,https://www.104.com.tw/job/767uz?jobsource=jolist_a_relevance
2023/4/23,機器學習 Machine Learning Expert (和雲行動服務),和運租車股份有限公司,台北市,中山區,3年以上,大學,45000,https://www.104.com.tw/job/7kpk1?jobsource=jolist_a_relevance
2023/4/23,系統分析師(駐點新北市林口)【全家便利商店關係企業】,精藤股份有限公司,新北市,林口區,2年以上,大學,45000,https://www.104.com.tw/job/5dtl9?jobsource=jolist_a_relevance
2023/4/23,【UberEats▲ENT AM Assistant】月薪39K-41K/數據分析/大型客戶維繫協助_RFS_865,藝珂人事顧問股份有限公司,台北市,信義區,經歷不拘,專科,40000,https://www.104.com.tw/job/7xnvu?jobsource=jolist_a_relevance
2023/4/23,大數據產品交付諮詢師,台北神策諮詢顧問有限公司,台北市,中山區,經歷不拘,大學,45000,https://www.104.com.tw/job/6sxgk?jobsource=jolist_a_relevance
2023/4/23,CRM資深數據分析專員,京站實業股份有限公司,台北市,大同區,5年以上,大學,45000,https://www.104.com.tw/job/6vncx?jobsource=jolist_a_relevance
2023/4/23,數據分析師 / 廣告系統操作與運營,民視_民間全民電視股份有限公司,新北市,林口區,經歷不拘,大學,45000,https://www.104.com.tw/job/7ujku?jobsource=jolist_a_relevance
2023/4/23,世新大學知識經濟發展研究院-資料分析師,世新大學_人事室,台北市,文山區,3年以上,碩士,44000,https://www.104.com.tw/job/7mgua?jobsource=jolist_a_relevance
2023/4/23,總公司：數據分析專案經理 (Global Mall),環球購物中心股份有限公司,新北市,板橋區,5年以上,大學,45000,https://www.104.com.tw/job/78657?jobsource=jolist_a_relevance
2023/4/23,路邊烤肉 數據分析師,路邊烤肉_糞金龜工作室,宜蘭縣,羅東鎮,經歷不拘,專科,35400,https://www.104.com.tw/job/7ssl7?jobsource=jolist_a_relevance
2023/4/23,智慧製造演算法開發工程師(台南),群創光電股份有限公司,台南市,新市區,經歷不拘,碩士,45000,https://www.104.com.tw/job/7w6kq?jobsource=jolist_a_relevance
2023/4/23,UberEats_ENT AM Assistant_客戶管理/數據分析/行政經驗/39K-41K_RFS 818,藝珂人事顧問股份有限公司,台北市,信義區,經歷不拘,專科,40000,https://www.104.com.tw/job/7xrsr?jobsource=jolist_a_relevance
2023/4/23,大數據分析,杏豐實業股份有限公司,新北市,三重區,1年以上,大學,45000,https://www.104.com.tw/job/7qr2q?jobsource=jolist_a_relevance
2023/4/23,雲端工程師(大數據平台Splunk析),數聯資安股份有限公司,台北市,內湖區,2年以上,專科,45000,https://www.104.com.tw/job/7t3ig?jobsource=jolist_a_relevance
2023/4/23,UberEats_HP AM Specialist_客戶管理/問題解決/數據分析/38K-42K+季獎金/全台招募!轉職超棒選擇!!_RFS 818,藝珂人事顧問股份有限公司,台北市,信義區,經歷不拘,專科,40000,https://www.104.com.tw/job/7wa87?jobsource=jolist_a_relevance
2023/4/23,數據師、大數據分析師(臺北市信義區),鼎漢國際工程顧問股份有限公司,台北市,信義區,經歷不拘,大學,40000,https://www.104.com.tw/job/7cfoj?jobsource=jolist_a_relevance
2023/4/23,（正職獵才）《【SAP BW數據分析人員 & Project Management Specialist】工作地點位於總公司｜在地知名金控公司｜薪資依經驗皆可議｜台北車站捷運站鬧區｜具備SAP BW及ABAP工作經驗 INT_203,藝珂人事顧問股份有限公司,台北市,中正區,經歷不拘,專科,45000,https://www.104.com.tw/job/6uba4?jobsource=jolist_a_relevance
2023/4/23,商業數據分析師,南山產物保險股份有限公司,台北市,中正區,3年以上,大學,45000,https://www.104.com.tw/job/7rhxw?jobsource=jolist_a_relevance
2023/4/23,數據分析工程師,安瑟樂威股份有限公司,台北市,信義區,經歷不拘,學歷不拘,45000,https://www.104.com.tw/job/7epiy?jobsource=jolist_a_relevance
2023/4/23,UberEats_Sales Operations Analyst營運分析師_數據分析/38K-42K+季獎金/全台招募!轉職超棒選擇!!_RFS 818,藝珂人事顧問股份有限公司,台北市,信義區,經歷不拘,專科,45000,https://www.104.com.tw/job/7yb3o?jobsource=jolist_a_relevance
2023/4/23,【高薪聘請】數據分析師,鑫總汽車股份有限公司,台北市,中山區,3年以上,大學,50000,https://www.104.com.tw/job/7rdi9?jobsource=jolist_a_relevance
2023/4/23,產業分析研究員_中部辦公室,財團法人商業發展研究院,台中市,西區,5年以上,碩士,45000,https://www.104.com.tw/job/7w3ec?jobsource=jolist_a_relevance
2023/4/23,資料工程師,悠由數據應用股份有限公司,台北市,內湖區,經歷不拘,學歷不拘,45000,https://www.104.com.tw/job/7dmcp?jobsource=jolist_a_relevance
2023/4/23,數據分析工程師,一卡通票證股份有限公司,高雄市,前鎮區,經歷不拘,大學,41000,https://www.104.com.tw/job/7f4az?jobsource=jolist_a_relevance
2023/4/23,"【2023校園徵才】資料科學工程師 (數數發中心,DDT)",國泰世華商業銀行股份有限公司_人力資源部,台北市,信義區,經歷不拘,大學,45000,https://www.104.com.tw/job/7veyg?jobsource=jolist_a_relevance
2023/4/23,"【數位金融】專案管理師_數據治理 (數數發中心, DDT)",國泰世華商業銀行股份有限公司_人力資源部,台北市,信義區,經歷不拘,大學,45000,https://www.104.com.tw/job/7yu4a?jobsource=jolist_a_relevance
2023/4/23,富邦投顧-金融市場數據分析人員,富邦綜合證券股份有限公司,台北市,大安區,經歷不拘,碩士,45000,https://www.104.com.tw/job/7gyzd?jobsource=jolist_a_relevance
2023/4/23,【數轉院/健康數據科技中心】行為科學領域專案PM/研究人員,資策會_財團法人資訊工業策進會,台北市,松山區,經歷不拘,碩士,45000,https://www.104.com.tw/job/7t4cd?jobsource=jolist_a_relevance
2023/4/23,暑期實習生（專案管理 / 數據分析 / 視覺設計 / 軟體工程）,以沛有限公司,台北市,松山區,經歷不拘,學歷不拘,30000,https://www.104.com.tw/job/7ym4i?jobsource=jolist_a_relevance
2023/4/23,醫學統計分析師,寰澔生物科技有限公司,台北市,大同區,1年以上,碩士,40000,https://www.104.com.tw/job/72xnq?jobsource=jolist_a_relevance
2023/4/23,RD21175 資料庫暨自動化軟體工程師,華碩電腦股份有限公司,台北市,北投區,1年以上,大學,45000,https://www.104.com.tw/job/7yxnm?jobsource=jolist_a_relevance
2023/4/23,(資深) 人工智慧資料科學家_台達研究院(台北/南科),台達電子工業股份有限公司 _DELTA ELECTRONICS INC.,台北市,內湖區,經歷不拘,碩士,45000,https://www.104.com.tw/job/6qblf?jobsource=jolist_a_relevance
2023/4/23,【數位轉型處】數據分析師,錠嵂保險經紀人股份有限公司,台北市,松山區,2年以上,專科,40000,https://www.104.com.tw/job/7xk0f?jobsource=jolist_a_relevance
2023/4/23,資訊部 數據分析專員,廣朋實業股份有限公司,台北市,中山區,經歷不拘,專科,36500,https://www.104.com.tw/job/7aa2g?jobsource=jolist_a_relevance
2023/4/23,智慧自動化系統軟體開發工程師(南港)_IAIoT,漢通科技股份有限公司,台北市,南港區,2年以上,大學,45000,https://www.104.com.tw/job/7eb10?jobsource=jolist_a_relevance
2023/4/23,數據分析師,傲群科技有限公司,台中市,西屯區,2年以上,學歷不拘,65000,https://www.104.com.tw/job/7wyci?jobsource=jolist_a_relevance
2023/4/23,G8-長照及健康數據分析應用,財團法人中衛發展中心,台北市,中正區,2年以上,碩士,37000,https://www.104.com.tw/job/7ymix?jobsource=jolist_a_relevance
2023/4/23,2023_A+種子暑期實習_AIoT開發實習生(台中),友達光電股份有限公司,台中市,西屯區,經歷不拘,大學,41500,https://www.104.com.tw/job/7jzhz?jobsource=jolist_a_relevance
2023/4/23,業務數據分析專員,全鋒汽車股份有限公司,台北市,大安區,3年以上,專科,37500,https://www.104.com.tw/job/7q32z?jobsource=jolist_a_relevance
2023/4/23,【數據發展部】數據分析師-分析,聯合報股份有限公司,新北市,汐止區,2年以上,大學,45000,https://www.104.com.tw/job/7vmmw?jobsource=jolist_a_relevance
2023/4/23,Data Intelligence Analyst (APAC) – Analytics and Insights,美國貝克斯數位媒體有限公司,台北市,信義區,3年以上,大學,45000,https://www.104.com.tw/job/7qlbw?jobsource=jolist_a_relevance
2023/4/23,Data Intelligence Analyst (APAC) – Analytics and Insights,美國貝克斯數位媒體有限公司,台北市,信義區,3年以上,大學,45000,https://www.104.com.tw/job/7qlbw?jobsource=jolist_a_relevance
2023/4/23,高級數據分析師,殷富資訊股份有限公司,台北市,松山區,5年以上,學歷不拘,45000,https://www.104.com.tw/job/7v4r6?jobsource=jolist_a_relevance
2023/4/23,台灣大哥大集團AI智能客服訓練師,台灣客服科技股份有限公司,新北市,三重區,經歷不拘,大學,35000,https://www.104.com.tw/job/77i90?jobsource=jolist_a_relevance
2023/4/23,高雄軟體園區-資料平台開發工程師/資料工程,鴻佰科技股份有限公司,高雄市,前鎮區,經歷不拘,大學,45000,https://www.104.com.tw/job/7lfx5?jobsource=jolist_a_relevance
2023/4/23,CRM數據分析主管,麗嬰房股份有限公司,台北市,內湖區,3年以上,大學,45000,https://www.104.com.tw/job/7x8wt?jobsource=jolist_a_relevance
2023/4/23,數據分析師(高雄資訊研發部),東森購物_電視購物_東森得易購股份有限公司,高雄市,鹽埕區,2年以上,大學,45000,https://www.104.com.tw/job/7r5ti?jobsource=jolist_a_relevance
2023/4/23,【土城】數據服務(DaaS)開發工程師,雲智匯科技服務股份有限公司,新北市,土城區,5年以上,大學,82500,https://www.104.com.tw/job/7ct0t?jobsource=jolist_a_relevance
2023/4/23,Oracle/SQL資料庫管理師(新竹),擎昊科技股份有限公司,新竹縣,竹北市,2年以上,專科,45000,https://www.104.com.tw/job/625py?jobsource=jolist_a_relevance
2023/4/23,商業分析專員 Liver Project Specialist,17LIVE_藝啟股份有限公司,台北市,松山區,1年以上,專科,38000,https://www.104.com.tw/job/7vmik?jobsource=jolist_a_relevance
2023/4/23,Uber_Operations Specialist_Driver Experience(專案管理/數據分析/42K起)RFS_818,藝珂人事顧問股份有限公司,台北市,信義區,2年以上,大學,46000,https://www.104.com.tw/job/7q0wj?jobsource=jolist_a_relevance
2023/4/23,【行銷科技】產品企劃、產品管理、數據分析、網站企劃（SAAS Product Planner）,玩構網路科技有限公司,高雄市,楠梓區,經歷不拘,學歷不拘,47500,https://www.104.com.tw/job/7ga0s?jobsource=jolist_a_relevance
2023/4/23,AI工程師(設計工具開發),財團法人台灣設計研究院,台北市,信義區,3年以上,碩士,51000,https://www.104.com.tw/job/7vfy8?jobsource=jolist_a_relevance
2023/4/23,Senior Backend Engineer (Python),凌諦有限公司,台北市,南港區,4年以上,大學,130000,https://www.104.com.tw/job/7f16c?jobsource=jolist_a_relevance
2023/4/23,資料科學家,趣遊科技有限公司,台北市,內湖區,2年以上,專科,45000,https://www.104.com.tw/job/7yh9e?jobsource=jolist_a_relevance
2023/4/23,【2023暑期實習】AI技術實習生 (板橋),遠傳電信股份有限公司,台北市,內湖區,經歷不拘,大學,26400,https://www.104.com.tw/job/7yl56?jobsource=jolist_a_relevance
2023/4/23,系統分析師(外派桃園大溪)【全家便利商店關係企業】,精藤股份有限公司,桃園市,大溪區,2年以上,大學,45000,https://www.104.com.tw/job/5d5xo?jobsource=jolist_a_relevance
2023/4/23,數據分析顧問 Data Analyst Consultant (台北/Taipei),凱鈿行動科技股份有限公司,台北市,中山區,1年以上,大學,52000,https://www.104.com.tw/job/7n7w0?jobsource=jolist_a_relevance
2023/4/23,"【數位金融】資料科學分析師-數據分析(數數發中心,DDT)",國泰世華商業銀行股份有限公司_人力資源部,台北市,信義區,經歷不拘,碩士,45000,https://www.104.com.tw/job/7xh7n?jobsource=jolist_a_relevance
2023/4/23,管理部（宜科）- 數據分析 或 MIS資深工程師,立達國際電子股份有限公司,宜蘭縣,宜蘭市,5年以上,大學,60000,https://www.104.com.tw/job/6pgfr?jobsource=jolist_a_relevance
2023/4/23,數據分析師(學士),弈樂科技股份有限公司,台中市,西屯區,經歷不拘,大學,47500,https://www.104.com.tw/job/6j51q?jobsource=jolist_a_relevance
